Index,USD,USD,USD,USD,USD,USD,USD,USD,USD,USD,USD,USD,USD,USD,USD,USD,USD,USD,USD,USD,USD,USD,USD,USD,USD
POILAPSP,POLVOIL,PORANG,PPOIL,PPORK,PPOULT,PRICENPQ,PRUBB,PSALM,PSAWMAL,PSAWORE,PSHRI,PSMEA,PSOIL,PSOYB,PSUGAEEC,PSUGAISA,PSUGAUSA,PSUNO,PTEA,PTIN,PURAN,PWHEAMT,PWOOLC,PWOOLF,PZINC
"Crude Oil (petroleum), Price index, 2005 = 100, simple average of three spot prices; Dated Brent, West Texas Intermediate, and the Dubai Fateh","Olive Oil, extra virgin less than 1% free fatty acid, ex-tanker price U.K., US$ per metric ton","Oranges, miscellaneous oranges CIF French import price, US$ per metric ton","Palm oil, Malaysia Palm Oil Futures (first contract forward) 4-5 percent FFA, US$ per metric ton","Swine (pork), 51-52% lean Hogs, U.S. price, US cents per pound.","Poultry (chicken), Whole bird spot price, Ready-to-cook, whole, iced, Georgia docks, US cents per pound","Rice, 5 percent broken milled white rice, Thailand nominal price quote, US$ per metric ton","Rubber, Singapore Commodity Exchange, No. 3 Rubber Smoked Sheets, 1st contract, US cents per pound","Fish (salmon), Farm Bred Norwegian Salmon, export price, US$ per kilogram","Hard Sawnwood, Dark Red Meranti, select and better quality, C&F U.K port, US$ per cubic meter","Soft Sawnwood, average export price of Douglas Fir, U.S. Price, US$ per cubic meter","Shrimp, No.1 shell-on headless, 26-30 count per pound, Mexican origin, New York port, US cents per pound","Soybean Meal, Chicago Soybean Meal Futures (first contract forward) Minimum 48 percent protein, US$ per metric ton","Soybean Oil, Chicago Soybean Oil Futures (first contract forward) exchange approved grades, US$ per metric ton","Soybeans, U.S. soybeans, Chicago Soybean futures contract (first contract forward) No. 2 yellow and par, US$ per metric ton","Sugar, European import price, CIF Europe, US cents per pound","Sugar, Free Market, Coffee Sugar and Cocoa Exchange (CSCE) contract no.11 nearest future position, US cents per pound","Sugar, U.S. import price, contract no.14 nearest futures position, US cents per pound (Footnote: No. 14 revised to No. 16)","Sunflower oil, Sunflower Oil, US export price from Gulf of Mexico, US$ per metric ton","Tea, Mombasa, Kenya, Auction Price, US cents per kilogram, From July 1998,Kenya auctions, Best Pekoe Fannings. Prior, London auctions, c.i.f. U.K. warehouses","Tin, standard grade, LME spot price, US$ per metric ton","Uranium, NUEXCO, Restricted Price, Nuexco exchange spot, US$ per pound","Wheat, No.1 Hard Red Winter, ordinary protein, FOB Gulf of Mexico, US$ per metric ton","Wool, coarse, 23 micron, Australian Wool Exchange spot quote, US cents per kilogram","Wool, fine, 19 micron, Australian Wool Exchange spot quote, US cents per kilogram","Zinc, high grade 98% pure, US$ per metric ton"
,,,,,,,,,,,,,,,,,,,,,,,,,
Index Number,US Dollars per Metric Ton,US Dollars per Metric Ton,US Dollars per Metric Ton,US cents per Pound,US cents per Pound,US Dollars per Metric Ton,US cents per Pound,US Dollars per Kilogram,US Dollars per Metric Ton,US Dollars per Metric Ton,US Dollars per Pound,US Dollars per Metric Ton,US Dollars per Metric Ton,US Dollars per Metric Ton,US cents per Pound,US cents per Pound,US cents per Pound,US Dollars per Metric Ton,US Cents per Kilogram,US Dollars per Metric Ton,US Dollars per Pound,US Dollars per Metric Ton,US Cents per Kilogram,US Cents per Kilogram,US Dollars per Metric Ton
None,None,None,None,None,None,None,None,None,None,None,None,None,None,None,None,None,None,None,None,None,None,None,None,None,None
POILAPSP_Index,POLVOIL_USD,PORANG_USD,PPOIL_USD,PPORK_USD,PPOULT_USD,PRICENPQ_USD,PRUBB_USD,PSALM_USD,PSAWMAL_USD,PSAWORE_USD,PSHRI_USD,PSMEA_USD,PSOIL_USD,PSOYB_USD,PSUGAEEC_USD,PSUGAISA_USD,PSUGAUSA_USD,PSUNO_USD,PTEA_USD,PTIN_USD,PURAN_USD,PWHEAMT_USD,PWOOLC_USD,PWOOLF_USD,PZINC_USD
"Crude Oil (petroleum), Price index, 2005 = 100, simple average of three spot prices; Dated Brent, West Texas Intermediate, and the Dubai Fateh","Olive Oil, extra virgin less than 1% free fatty acid, ex-tanker price U.K., US$ per metric ton","Oranges, miscellaneous oranges CIF French import price, US$ per metric ton","Palm oil, Malaysia Palm Oil Futures (first contract forward) 4-5 percent FFA, US$ per metric ton","Swine (pork), 51-52% lean Hogs, U.S. price, US cents per pound.","Poultry (chicken), Whole bird spot price, Ready-to-cook, whole, iced, Georgia docks, US cents per pound","Rice, 5 percent broken milled white rice, Thailand nominal price quote, US$ per metric ton","Rubber, Singapore Commodity Exchange, No. 3 Rubber Smoked Sheets, 1st contract, US cents per pound","Fish (salmon), Farm Bred Norwegian Salmon, export price, US$ per kilogram","Hard Sawnwood, Dark Red Meranti, select and better quality, C&F U.K port, US$ per cubic meter","Soft Sawnwood, average export price of Douglas Fir, U.S. Price, US$ per cubic meter","Shrimp, No.1 shell-on headless, 26-30 count per pound, Mexican origin, New York port, US cents per pound","Soybean Meal, Chicago Soybean Meal Futures (first contract forward) Minimum 48 percent protein, US$ per metric ton","Soybean Oil, Chicago Soybean Oil Futures (first contract forward) exchange approved grades, US$ per metric ton","Soybeans, U.S. soybeans, Chicago Soybean futures contract (first contract forward) No. 2 yellow and par, US$ per metric ton","Sugar, European import price, CIF Europe, US cents per pound","Sugar, Free Market, Coffee Sugar and Cocoa Exchange (CSCE) contract no.11 nearest future position, US cents per pound","Sugar, U.S. import price, contract no.14 nearest futures position, US cents per pound (Footnote: No. 14 revised to No. 16)","Sunflower oil, Sunflower Oil, US export price from Gulf of Mexico, US$ per metric ton","Tea, Mombasa, Kenya, Auction Price, US cents per kilogram, From July 1998,Kenya auctions, Best Pekoe Fannings. Prior, London auctions, c.i.f. U.K. warehouses","Tin, standard grade, LME spot price, US$ per metric ton","Uranium, NUEXCO, Restricted Price, Nuexco exchange spot, US$ per pound","Wheat, No.1 Hard Red Winter, ordinary protein, FOB Gulf of Mexico, US$ per metric ton","Wool, coarse, 23 micron, Australian Wool Exchange spot quote, US cents per kilogram","Wool, fine, 19 micron, Australian Wool Exchange spot quote, US cents per kilogram","Zinc, high grade 98% pure, US$ per metric ton"
72.09,2271.72,347.00,547.05,72.42,33.90,395.00,68.82,7.45,297.61,138.00,12.11,201.76,525.58,238.77,n.a.,17.30,19.66,566.93,225.18,16973.59,40.00,175.63,553.12,684.28,773.82
69.84,2256.48,350.00,555.32,65.53,32.55,399.00,75.31,7.60,308.29,131.23,11.89,198.26,518.75,241.36,n.a.,22.75,24.69,573.96,233.09,17090.21,38.00,172.70,568.15,722.57,868.62
70.98,2188.11,338.00,518.13,65.00,31.83,415.00,66.35,7.40,304.92,131.23,11.02,186.10,486.78,227.08,n.a.,19.63,21.18,535.28,226.83,17460.59,35.00,163.51,552.75,695.96,740.75
70.40,2081.17,377.00,504.91,51.86,30.99,419.00,60.55,7.43,302.95,143.08,9.94,181.20,451.07,218.21,n.a.,21.25,22.67,486.06,221.81,17041.71,32.00,156.53,510.65,688.13,707.68
71.02,2044.54,442.20,482.60,54.90,30.66,433.00,60.39,7.69,310.72,143.08,9.43,187.39,463.19,225.90,n.a.,30.94,31.89,502.76,229.61,17180.60,32.00,161.30,524.93,720.76,701.07
70.99,2053.29,480.00,458.63,62.47,31.28,442.00,61.87,8.02,312.03,143.08,9.60,190.06,485.02,232.63,n.a.,30.80,32.10,493.97,235.41,17211.47,31.50,157.63,532.95,737.26,676.82
68.82,2073.16,415.00,450.37,84.68,34.34,442.00,61.06,8.32,293.60,153.24,10.11,222.68,585.99,273.72,n.a.,27.70,28.75,555.50,222.29,17090.21,31.50,168.65,540.84,736.90,712.09
64.91,2063.71,404.30,428.06,102.72,36.41,442.00,63.55,8.47,288.17,135.46,10.20,234.48,583.34,279.60,n.a.,31.77,33.14,577.47,226.04,17008.64,30.00,171.23,540.22,727.38,767.21
63.57,2092.63,505.50,420.62,101.18,37.97,442.00,66.09,8.57,307.91,119.38,9.85,263.76,591.94,303.30,n.a.,34.74,35.03,561.65,209.75,17295.24,28.50,179.68,553.75,728.83,795.87
69.40,2131.47,505.00,418.97,108.96,38.45,442.00,64.53,8.51,262.91,110.91,9.45,282.83,571.44,315.02,n.a.,40.55,41.70,554.62,203.66,16682.36,28.00,188.13,529.69,715.58,804.69
73.19,2267.24,316.50,483.42,112.69,37.03,463.00,64.22,8.35,265.50,117.68,9.38,302.67,615.09,334.91,n.a.,37.81,39.28,631.09,223.57,15599.89,28.00,195.11,525.93,735.93,800.28
73.09,2210.02,321.60,514.00,102.33,36.70,470.00,62.66,7.98,266.79,119.38,9.40,256.99,547.41,293.29,n.a.,28.79,30.29,632.85,216.25,14698.20,27.00,182.62,528.19,736.05,782.64
73.71,2218.43,348.80,516.48,92.77,35.90,470.00,62.18,7.75,269.35,115.14,9.76,247.50,532.20,283.48,n.a.,27.78,29.57,606.48,217.38,14360.89,25.00,189.60,527.31,758.69,776.03
71.27,2058.95,325.20,528.87,93.33,36.70,480.00,59.81,7.37,266.51,110.91,10.31,237.85,525.14,275.67,n.a.,24.09,26.07,571.32,222.84,13679.67,25.00,181.51,512.03,740.99,731.93
70.89,2033.04,386.50,512.35,76.68,36.01,505.00,57.28,7.39,264.44,113.45,10.54,231.44,531.09,272.48,n.a.,21.81,23.81,571.32,221.72,13624.55,25.00,175.27,502.76,719.44,756.18
69.29,1991.44,403.00,485.90,92.34,35.14,515.00,52.12,7.27,260.42,109.22,10.60,247.47,539.69,288.26,n.a.,17.83,19.91,573.08,216.14,13344.57,25.00,180.41,496.62,721.24,824.53
65.44,1908.10,373.00,494.99,85.20,33.75,519.00,52.84,7.02,262.46,111.76,10.87,242.25,510.81,278.22,n.a.,15.08,17.43,588.02,208.20,12683.18,25.00,171.59,492.23,737.38,850.98
63.42,1847.88,378.80,528.87,105.26,34.37,535.00,51.64,6.90,260.55,126.15,10.62,227.14,493.17,264.97,n.a.,16.38,18.95,608.24,199.41,12583.97,24.25,168.65,495.12,756.52,839.96
63.79,1810.64,381.78,495.82,102.37,36.70,523.00,46.87,6.85,250.67,119.38,9.34,227.50,516.98,268.12,n.a.,16.34,19.10,602.09,186.55,13419.52,23.50,167.92,469.93,745.32,864.21
64.39,1793.33,444.25,438.80,110.38,35.72,498.00,48.44,6.92,248.07,114.30,7.87,217.47,475.98,254.04,n.a.,14.76,17.42,565.17,175.42,14477.74,23.50,170.12,492.36,733.76,954.60
64.38,1908.12,521.27,420.62,113.59,34.99,487.00,48.11,7.21,247.47,113.45,8.52,207.34,453.49,242.81,n.a.,11.65,15.49,516.83,179.87,14969.37,23.50,171.23,497.87,738.46,936.96
65.19,1961.42,505.63,423.93,105.30,34.41,455.00,46.22,7.33,251.25,117.68,8.98,204.81,464.07,241.25,n.a.,12.04,15.66,506.28,192.57,15101.65,23.50,168.65,480.21,736.65,890.67
66.60,1981.61,458.90,413.18,105.35,33.86,428.00,44.79,7.50,260.55,132.08,9.96,206.33,451.29,236.54,n.a.,11.97,16.28,518.58,201.11,15826.96,23.50,178.57,462.29,737.50,875.23
66.26,1967.39,341.60,399.13,95.83,33.72,379.00,40.88,7.48,263.75,143.08,9.87,205.81,426.59,231.00,n.a.,12.98,17.07,512.43,201.77,15954.83,23.50,176.00,456.03,725.22,848.78
65.66,1943.31,315.20,414.84,117.35,34.26,343.00,41.21,7.33,266.65,158.32,10.60,210.05,423.29,233.97,n.a.,12.90,18.16,516.83,202.76,16124.59,23.00,173.06,456.22,722.45,820.12
60.05,1876.79,302.00,436.32,126.94,34.81,324.00,39.89,7.15,243.41,156.08,12.00,206.98,418.88,231.32,n.a.,13.08,17.77,497.49,207.37,15930.59,23.00,170.86,460.41,720.44,824.53
56.81,1872.15,324.40,418.97,124.90,34.59,325.00,39.78,7.06,239.32,157.17,13.09,201.39,407.19,227.14,n.a.,11.26,17.13,478.15,194.98,12813.25,22.50,168.65,466.59,733.60,791.46
60.09,1855.74,346.50,420.62,139.41,34.45,312.50,40.22,6.97,233.46,159.22,13.57,209.28,433.43,240.08,n.a.,9.58,17.89,505.40,186.47,12628.06,20.75,169.76,441.37,662.93,740.75
63.03,1926.29,372.50,422.27,151.54,34.92,299.00,40.69,7.09,238.65,153.88,14.04,209.44,445.33,241.68,n.a.,8.11,19.57,504.52,186.91,12736.09,20.50,167.55,455.31,763.87,749.57
62.21,1835.88,409.00,408.22,143.50,35.32,292.00,38.24,6.81,213.88,152.67,13.73,201.23,420.20,231.03,n.a.,6.84,21.03,487.82,183.51,11098.06,19.25,155.79,426.96,746.67,692.25
61.01,1815.52,432.20,347.90,158.28,35.68,290.00,37.66,6.61,213.35,150.61,13.49,197.39,409.84,226.39,n.a.,7.80,22.15,470.24,175.73,11316.32,18.25,151.75,419.70,712.59,723.12
60.15,1833.80,526.90,327.24,178.24,34.37,287.00,38.25,6.27,211.28,148.79,16.17,183.99,386.47,211.89,n.a.,6.77,22.45,442.99,178.13,12187.14,17.00,152.49,419.70,655.02,714.30
62.26,1818.29,472.80,314.02,172.53,34.56,270.00,38.70,6.15,212.30,147.84,14.53,172.74,378.31,200.07,n.a.,5.77,20.88,437.72,191.34,12678.77,17.00,152.85,416.44,660.20,749.57
63.55,1841.25,430.40,293.36,141.55,34.15,254.00,38.60,5.99,203.98,146.60,14.31,170.91,375.23,195.66,n.a.,5.93,20.44,417.50,201.46,12420.83,17.50,146.61,404.04,633.59,751.78
61.70,1855.08,391.60,299.14,135.52,33.57,258.00,37.50,6.00,211.30,144.16,14.75,190.02,376.55,207.85,n.a.,6.52,20.79,413.99,197.80,11982.11,19.75,155.06,388.63,627.08,709.89
58.73,1995.19,291.30,310.71,138.57,32.88,266.00,36.10,6.20,228.15,144.16,14.88,191.79,364.42,208.40,n.a.,6.31,20.83,402.56,211.58,12041.63,20.25,159.83,397.65,635.63,670.20
58.15,1800.11,289.45,307.41,151.54,33.14,260.00,37.20,6.21,222.56,141.72,14.71,197.52,367.51,214.44,n.a.,6.03,21.23,399.05,216.85,12079.11,21.50,164.98,390.38,668.87,698.86
55.20,1851.85,288.90,303.28,137.57,33.79,270.00,42.81,6.17,177.62,137.97,14.46,195.09,379.42,216.95,n.a.,6.43,21.76,377.07,205.25,13040.33,21.75,164.24,378.10,656.70,681.23
53.53,1924.12,327.90,311.54,122.98,33.83,282.00,48.05,6.11,171.78,137.05,13.86,195.72,382.28,219.08,n.a.,6.20,21.86,370.04,197.78,13459.21,22.25,166.08,384.87,631.90,679.02
55.68,1912.01,405.70,346.25,122.63,32.74,282.00,51.45,6.14,178.49,138.71,13.75,208.00,419.10,233.81,n.a.,6.71,22.43,397.29,203.64,13787.69,23.25,167.18,419.19,610.83,696.66
55.26,1918.76,450.60,356.99,113.63,33.28,280.00,47.74,6.17,189.08,147.48,13.53,200.04,424.39,228.38,n.a.,9.24,22.60,407.84,200.69,13523.14,23.50,160.20,427.96,632.98,736.34
55.88,1918.09,387.70,325.59,114.36,34.08,269.00,49.00,5.89,182.64,145.48,13.84,192.57,418.00,221.33,n.a.,10.74,22.54,414.87,187.41,13351.18,23.50,151.75,413.81,631.06,718.71
56.93,1911.52,337.50,351.21,111.75,35.25,260.00,51.40,5.70,181.40,142.68,13.20,208.92,466.50,242.28,n.a.,10.53,22.09,436.84,193.83,13190.24,24.00,147.34,408.04,644.30,740.75
57.30,1849.76,349.85,461.94,124.82,35.86,275.00,51.33,5.46,197.29,139.45,12.82,261.29,657.42,311.14,n.a.,10.56,22.55,575.72,200.44,12811.05,24.00,152.49,410.30,647.55,809.10
56.27,1809.15,437.00,533.01,105.41,37.17,298.00,49.31,5.48,205.18,141.41,12.73,260.96,744.72,329.05,n.a.,9.43,22.20,667.13,214.49,12751.52,24.00,156.53,405.66,655.14,837.76
55.15,1857.73,458.70,554.49,92.75,35.32,290.00,49.53,5.56,236.26,143.36,12.42,254.88,662.93,309.73,n.a.,9.69,21.94,635.49,260.26,12747.11,23.50,152.85,400.90,674.40,857.60
54.28,1855.40,406.00,546.23,96.85,36.81,283.00,50.27,5.45,240.01,141.79,12.31,255.70,610.46,299.93,n.a.,8.33,21.80,602.09,347.84,12769.16,22.50,151.75,387.00,676.21,859.80
53.54,1861.21,339.10,574.32,101.56,38.92,273.00,51.15,5.30,248.36,140.23,12.11,241.31,602.30,289.27,n.a.,7.69,21.47,602.96,361.09,12341.46,22.00,153.59,388.25,670.43,857.60
54.41,2086.83,267.95,723.07,120.33,40.56,257.00,51.50,5.24,248.36,140.81,12.00,222.17,618.40,276.04,n.a.,6.97,21.51,655.70,428.75,12112.18,20.50,152.85,390.00,683.43,956.81
54.72,1852.20,245.63,723.07,103.00,41.83,253.00,51.65,5.39,248.36,141.26,12.50,210.00,590.62,265.50,n.a.,6.63,21.88,605.60,372.07,12292.96,17.50,150.65,416.44,703.42,998.69
55.42,1847.49,257.84,698.28,104.38,41.25,253.00,50.95,5.64,280.82,138.19,12.70,222.01,649.48,286.61,n.a.,6.43,22.03,649.55,367.20,12403.19,17.00,153.96,436.11,708.48,1040.58
55.41,1883.23,241.79,694.97,112.11,40.99,256.00,48.68,5.67,305.61,141.22,13.45,215.33,692.25,289.34,n.a.,6.00,22.04,725.14,353.67,12440.67,17.75,157.26,428.79,714.50,1003.10
55.20,1842.19,240.58,785.87,107.49,39.57,253.00,44.33,5.61,311.85,140.76,12.70,213.44,825.41,312.24,n.a.,5.61,22.01,839.40,355.45,12577.36,17.75,153.96,424.16,706.19,1000.90
54.43,1861.14,317.70,647.04,127.21,39.68,256.00,39.89,5.54,292.05,140.30,11.25,202.81,750.67,287.36,n.a.,5.52,22.06,784.03,317.71,12658.93,17.50,149.91,409.12,694.15,941.37
52.41,1830.83,408.80,479.29,120.13,40.45,273.00,40.35,5.22,244.58,138.50,10.65,181.09,636.25,245.17,n.a.,4.54,21.89,682.07,287.61,12442.87,17.50,146.97,392.01,658.15,853.19
52.92,1837.12,507.90,464.42,116.49,38.77,272.00,41.06,5.09,236.19,136.81,12.10,171.21,600.76,236.56,n.a.,4.05,21.72,643.40,293.13,12299.57,17.50,152.49,388.37,648.40,833.35
53.23,1785.74,561.50,504.91,112.60,39.07,252.00,41.85,4.95,225.31,136.63,11.60,162.89,588.41,222.96,n.a.,4.10,21.70,645.15,341.72,12087.93,17.50,155.06,373.97,630.82,873.03
52.58,1736.47,499.92,508.21,99.53,37.94,250.00,38.69,4.83,216.05,136.01,11.00,165.43,609.80,225.56,n.a.,4.65,21.55,617.03,361.89,11739.60,16.00,152.85,358.93,634.19,844.37
51.84,1804.73,361.81,509.04,112.51,38.19,228.00,36.52,4.95,211.75,121.17,11.80,167.97,620.82,225.67,n.a.,4.38,21.39,638.12,343.13,11988.72,15.50,152.49,371.96,658.15,857.60
50.54,1901.11,317.30,489.21,121.72,37.32,224.00,35.79,4.93,198.63,133.55,12.40,160.01,592.38,217.04,n.a.,3.55,21.10,599.45,325.73,11719.76,15.25,149.55,353.92,636.11,859.80
50.14,1993.15,237.16,481.77,126.53,38.01,225.00,34.65,4.95,176.96,135.02,10.80,155.56,583.78,215.75,n.a.,3.61,20.72,579.23,315.33,11073.40,15.00,149.18,364.95,640.33,866.42
51.81,1911.46,280.10,491.69,121.76,38.41,220.00,33.37,4.93,170.12,135.02,10.55,145.89,618.62,213.87,n.a.,3.69,20.48,588.90,279.72,10946.00,15.00,147.34,340.52,601.80,886.26
52.41,1819.32,364.40,537.14,120.84,38.27,221.00,33.64,5.00,171.23,135.02,10.18,145.84,655.65,216.24,n.a.,3.83,20.92,580.99,243.02,11210.60,15.00,145.14,353.67,611.07,921.53
52.25,1958.12,433.70,539.62,110.55,38.12,222.00,35.70,5.42,179.31,136.49,12.25,141.53,707.68,219.93,n.a.,3.42,20.97,617.91,219.12,11806.40,14.25,143.67,361.19,634.31,930.35
50.05,1922.80,435.40,504.08,108.58,37.10,223.00,35.14,5.47,179.31,136.48,11.75,133.49,689.38,211.76,n.a.,2.82,21.09,598.57,165.59,11909.80,15.00,136.32,364.70,625.76,879.64
49.48,1964.67,436.30,459.46,131.84,37.90,223.00,36.75,5.53,173.32,137.34,10.90,134.22,671.97,211.89,n.a.,2.78,21.27,576.60,164.07,12385.80,15.00,134.11,359.43,596.86,809.10
49.99,2041.84,449.20,402.44,119.75,37.57,210.00,35.40,5.73,181.80,135.94,13.00,137.34,608.25,203.63,n.a.,3.18,21.23,549.35,156.44,12755.80,11.85,128.60,371.21,604.09,767.21
50.95,2032.16,508.70,333.85,105.88,37.76,210.00,34.35,5.85,176.38,136.59,14.65,135.87,507.50,190.88,n.a.,4.39,20.59,558.60,158.75,12647.20,15.75,123.09,385.24,587.11,734.14
51.68,1963.39,508.64,301.62,97.73,38.01,210.00,33.24,5.75,169.63,135.01,14.30,142.61,477.74,188.95,n.a.,5.12,19.51,558.60,161.91,12325.20,11.70,125.30,389.63,583.13,690.05
53.06,1920.11,451.60,294.19,98.48,37.32,210.00,34.01,6.03,188.12,136.03,14.15,154.50,438.72,185.53,n.a.,5.01,18.68,512.34,173.46,12391.10,16.00,127.50,433.23,579.16,632.73
54.69,1834.31,357.70,299.14,97.67,38.41,210.00,33.40,6.08,208.66,138.79,15.65,158.31,439.60,185.62,n.a.,5.48,18.89,633.33,177.52,9903.15,16.00,132.64,407.79,551.47,597.45
50.27,1895.09,318.00,322.28,109.35,39.25,225.00,33.33,6.25,216.16,135.14,15.65,159.79,460.32,191.71,n.a.,5.32,19.89,665.00,165.46,9114.00,11.70,137.05,400.90,541.83,685.64
41.94,1992.73,318.75,282.62,115.06,38.19,240.00,33.71,6.38,221.20,134.22,13.00,168.55,445.33,196.92,n.a.,4.84,20.67,637.74,180.18,7910.00,17.00,132.28,385.87,569.53,643.75
30.83,2063.94,322.22,233.86,96.81,38.41,230.00,35.91,6.67,233.77,143.86,13.25,168.87,409.84,193.50,n.a.,5.56,21.01,533.11,188.80,7922.90,17.08,129.71,406.67,564.71,608.48
23.96,2064.27,338.09,200.81,95.17,38.56,216.00,35.21,6.67,207.73,138.99,14.90,175.93,386.91,196.46,n.a.,7.04,20.95,473.99,201.50,7313.60,17.17,134.48,406.04,572.06,626.11
22.23,2035.26,364.29,199.98,91.34,37.79,202.00,33.80,6.50,213.32,145.78,14.25,169.15,389.12,194.07,n.a.,8.33,20.85,474.28,201.22,5686.10,17.25,132.64,418.19,578.56,659.18
25.18,2087.50,373.55,196.67,116.24,38.59,200.00,34.81,6.11,231.28,155.46,14.45,165.23,391.98,196.07,n.a.,7.67,20.88,488.24,188.89,5474.20,17.17,119.42,429.22,595.78,707.68
22.33,2081.23,399.37,200.81,136.71,39.94,204.00,35.53,6.09,210.19,159.42,12.20,164.13,371.70,194.10,n.a.,6.34,20.99,472.29,175.51,5378.30,17.08,105.82,420.95,567.84,804.69
18.45,2110.17,426.08,182.63,170.24,44.34,181.00,36.61,6.33,211.30,141.81,11.00,167.45,361.12,193.64,n.a.,5.55,20.97,433.83,176.26,5386.60,17.00,101.78,402.78,534.25,806.89
25.10,2158.13,497.19,162.79,168.01,48.12,186.00,38.26,6.55,206.49,149.88,10.60,167.67,317.91,183.44,n.a.,5.57,20.87,392.82,190.68,5404.30,17.00,102.15,391.01,519.08,815.71
26.29,2166.07,497.19,171.06,139.07,45.65,173.00,38.99,6.61,189.61,150.69,13.25,168.41,301.59,177.77,n.a.,4.68,20.87,390.51,202.76,5397.20,17.00,103.62,416.94,531.96,870.82
26.28,2177.59,443.05,224.77,114.08,45.43,175.00,39.98,6.63,187.17,150.64,13.95,163.29,320.55,177.01,n.a.,5.39,21.08,414.83,207.32,5542.80,17.00,104.72,397.14,551.83,886.26
27.14,2141.54,380.93,250.39,118.48,44.74,174.00,38.18,6.50,216.16,157.42,12.35,165.29,337.09,183.67,n.a.,5.95,21.17,427.02,206.26,6092.30,16.75,105.09,406.67,560.62,820.12
28.95,2169.95,364.06,242.13,121.37,44.01,167.00,38.02,6.66,263.59,163.82,11.75,158.84,339.51,180.75,n.a.,5.70,21.12,424.88,194.81,6428.10,16.65,107.29,419.44,579.52,798.07
33.95,2253.02,365.01,289.23,124.39,43.47,173.00,40.03,7.16,282.98,151.75,11.50,159.03,356.93,182.22,n.a.,6.48,21.50,420.30,197.78,6712.70,16.65,109.13,422.20,593.13,758.39
32.45,2283.06,361.34,272.70,108.71,43.18,187.00,40.85,7.50,275.20,163.89,13.20,159.00,354.06,179.88,n.a.,7.39,21.76,414.67,184.05,6688.40,16.83,112.07,435.98,626.72,740.75
33.30,2282.37,349.65,258.65,113.44,41.90,198.00,40.65,7.70,269.73,173.32,13.20,155.27,347.67,179.95,n.a.,7.56,21.76,404.66,183.20,6631.50,17.00,115.38,470.81,715.10,731.93
33.87,2302.59,397.68,280.14,123.24,41.14,199.00,42.00,7.99,293.07,166.14,12.60,166.05,345.90,188.56,n.a.,6.68,21.86,437.86,149.53,6699.80,17.00,113.17,504.51,832.38,760.59
34.51,2304.42,500.46,281.79,125.18,41.07,198.00,42.94,8.26,280.36,165.97,12.13,184.11,368.61,203.21,n.a.,6.71,22.01,499.43,144.15,6747.40,17.00,119.05,497.25,837.20,837.76
35.05,2270.51,570.93,282.62,146.25,40.59,196.00,44.48,8.24,286.01,149.82,13.15,194.45,366.63,205.81,n.a.,6.44,22.06,498.32,134.05,6610.40,16.90,108.76,508.52,879.46,877.44
36.72,2226.43,514.81,247.08,156.72,39.97,191.00,46.30,8.25,297.09,160.10,14.80,186.47,354.94,198.60,n.a.,6.10,22.07,485.46,153.25,6404.90,16.75,104.72,522.43,881.99,828.94
35.37,2200.45,520.98,254.52,149.76,41.43,204.00,46.69,8.26,358.65,162.36,14.53,177.45,348.77,190.83,n.a.,5.62,21.88,437.45,158.35,6556.10,17.00,106.92,551.62,1044.90,802.48
34.33,2237.08,509.93,276.83,111.19,41.68,250.00,47.90,8.32,507.79,160.85,13.00,189.72,354.72,192.76,n.a.,5.82,21.88,422.32,160.21,6706.30,16.65,112.07,537.59,924.73,756.18
34.91,2230.38,472.94,291.71,94.22,41.10,267.00,47.51,8.23,519.34,157.22,13.25,196.54,383.38,197.84,n.a.,6.65,21.69,447.94,184.91,6763.80,16.65,113.91,559.76,987.95,769.41
33.51,2349.70,464.51,304.10,87.04,39.72,254.00,47.31,8.37,558.52,158.64,15.25,218.22,390.66,207.46,n.a.,7.33,21.75,440.17,192.41,6927.30,16.75,115.01,558.26,966.15,846.57
31.44,2407.49,443.57,356.99,79.80,39.17,256.00,49.30,8.43,532.84,153.56,16.75,227.64,430.56,218.95,n.a.,8.30,21.76,492.35,207.03,6829.40,16.65,124.56,563.27,1016.72,866.42
30.95,2354.44,392.70,401.61,96.25,39.25,292.00,49.95,8.47,453.46,158.93,13.50,206.32,486.56,227.47,n.a.,9.67,21.83,543.31,212.32,6808.10,16.45,128.60,558.01,1107.27,877.44
29.83,2284.66,385.27,333.03,91.25,39.83,306.00,49.39,7.53,345.92,158.83,13.90,201.56,465.17,227.35,n.a.,8.43,22.10,509.08,193.70,6690.10,16.30,131.54,563.27,1296.67,875.23
27.82,2349.83,414.03,314.85,85.71,40.12,294.00,50.65,7.63,351.03,162.66,13.50,208.33,450.84,230.80,n.a.,8.52,22.16,485.51,191.66,6772.90,15.90,124.93,564.15,1379.75,981.06
30.73,2381.62,468.26,333.03,81.88,40.59,288.00,53.91,7.79,383.17,165.13,14.38,218.75,486.34,246.94,n.a.,8.54,22.16,509.98,184.29,6752.60,15.90,126.77,582.81,1543.03,1069.24
30.66,2354.63,448.90,348.73,87.78,42.70,257.00,59.00,7.62,383.68,169.04,16.75,245.04,527.35,269.86,n.a.,8.90,22.13,516.60,170.76,6777.60,15.40,128.97,592.96,1570.12,1175.06
29.04,2285.43,439.55,409.88,84.53,45.79,269.00,66.32,7.73,363.97,166.42,13.85,320.55,615.09,344.37,n.a.,10.57,22.54,616.64,166.29,7035.80,15.10,149.91,602.73,1538.81,1364.66
27.10,2172.18,395.63,427.23,75.57,49.98,274.00,60.02,7.59,347.76,161.49,13.35,292.11,645.73,322.14,n.a.,14.02,23.43,799.21,146.20,7148.80,15.10,149.55,581.06,1484.63,1236.79
27.29,2119.90,403.34,371.86,70.94,50.96,269.00,58.55,6.87,334.35,165.91,13.50,294.76,593.48,312.44,n.a.,11.18,21.90,695.57,148.12,7322.70,14.75,149.91,595.47,1451.27,1307.34
24.74,2162.39,532.97,353.68,62.81,51.65,273.00,53.86,6.64,338.28,163.25,17.60,295.28,561.96,311.82,n.a.,10.16,21.77,666.15,164.59,7408.50,14.15,159.47,605.36,1414.91,1329.39
22.86,2207.66,585.45,356.16,65.06,49.47,273.00,48.10,6.96,374.14,160.08,16.25,281.67,525.14,291.25,n.a.,10.28,21.74,627.30,181.34,7252.70,13.20,162.04,615.39,1456.93,1518.98
23.40,2393.68,533.47,345.42,62.86,47.90,272.00,46.64,6.57,391.83,153.50,13.75,277.51,490.09,281.53,n.a.,10.84,21.70,587.85,192.64,7312.40,12.30,163.88,602.48,1319.19,1556.46
27.43,2525.53,441.31,339.64,65.87,47.65,260.00,48.60,6.24,387.21,166.57,12.25,276.26,508.16,290.72,n.a.,11.22,21.99,584.97,195.76,7337.40,12.00,166.82,565.65,1267.89,1591.74
30.76,2462.14,423.39,316.50,68.12,48.63,264.00,50.66,6.20,376.25,144.56,12.50,280.23,484.36,292.76,n.a.,9.80,21.88,569.50,193.03,7409.60,11.60,173.80,565.65,1349.77,1732.83
30.92,2445.33,372.61,331.37,58.62,48.45,271.00,51.01,6.19,389.18,153.83,12.75,263.39,488.54,280.50,n.a.,10.54,22.07,542.69,181.69,7873.70,11.35,172.06,566.90,1240.20,1929.50
33.88,2424.27,416.98,329.72,57.06,49.32,277.00,49.40,5.99,387.20,161.46,12.50,264.55,508.16,286.01,n.a.,11.50,22.12,585.68,178.00,8760.50,11.20,178.21,558.63,1189.51,1959.91
36.27,2421.48,448.22,323.11,47.69,50.20,293.00,49.88,5.93,378.26,167.42,11.00,247.61,498.91,270.99,n.a.,12.16,22.30,593.59,171.83,10195.90,10.20,174.53,547.48,1117.87,1654.40
34.07,2328.63,454.27,335.50,54.94,51.98,311.00,46.26,5.58,399.27,195.13,11.60,238.93,498.69,264.12,n.a.,11.98,22.45,628.51,169.10,10143.70,9.85,176.37,543.72,1080.06,1627.00
33.28,2269.00,454.10,308.23,58.21,52.63,331.00,42.90,5.33,510.91,208.01,8.50,233.79,457.68,254.82,n.a.,12.61,22.99,622.75,176.81,9935.50,9.80,168.65,517.42,1054.77,1537.00
33.05,2399.15,430.30,273.53,57.08,51.54,351.00,42.87,5.03,516.36,214.19,9.40,236.36,434.09,251.01,n.a.,14.01,23.56,646.60,193.73,9605.20,9.80,166.82,526.31,1019.47,1614.00
31.57,2368.74,491.10,255.35,53.64,51.21,332.00,41.00,4.81,521.52,220.27,8.50,216.78,399.48,220.60,n.a.,14.05,23.57,627.55,184.00,8715.60,9.60,164.24,512.40,1049.96,1726.00
33.10,2351.40,502.31,266.92,64.98,50.60,321.00,39.50,4.81,523.34,219.63,8.50,216.57,415.13,213.55,n.a.,14.13,23.50,612.67,214.74,8269.70,9.60,163.51,496.12,1060.79,1626.00
34.43,2421.26,474.00,265.26,70.37,49.07,304.00,38.65,4.92,523.98,203.26,8.50,206.34,412.04,206.41,n.a.,14.44,23.14,624.12,261.53,7922.40,9.40,164.61,503.63,1070.42,1583.00
34.38,2577.83,436.34,248.74,96.26,47.43,270.00,37.90,4.89,530.24,173.62,9.00,203.73,426.81,211.62,n.a.,15.02,23.24,623.26,235.31,6837.30,9.30,163.51,501.13,1075.24,1435.00
36.23,2843.95,441.49,220.64,80.19,47.43,272.00,37.89,4.83,556.01,148.81,8.73,200.26,417.56,211.46,n.a.,13.43,22.84,597.44,254.33,6744.10,9.00,164.61,499.88,1080.06,1450.00
38.48,2972.68,456.54,230.56,93.15,47.83,276.00,37.73,5.20,555.92,203.78,8.90,191.31,418.66,209.83,n.a.,14.20,23.05,588.04,252.93,6592.00,9.00,167.92,501.13,1074.04,1294.00
36.78,3052.71,409.71,223.95,80.00,48.60,300.00,38.68,5.65,569.15,203.73,9.80,182.27,438.72,208.45,n.a.,14.65,22.88,608.48,211.29,6156.10,8.80,160.94,494.86,1062.00,1394.00
33.86,2925.14,443.70,236.34,79.91,50.34,289.00,37.58,5.61,566.26,206.02,12.88,184.33,487.22,218.28,n.a.,15.31,23.58,618.08,192.60,6270.50,8.80,156.53,488.60,1064.40,1666.00
30.50,2945.97,495.05,220.64,99.64,49.07,276.00,38.01,5.63,549.91,218.76,11.25,191.06,498.24,220.67,n.a.,15.24,23.79,609.51,194.81,6390.90,8.65,159.47,482.34,1071.63,1686.00
30.29,3021.10,584.76,232.21,115.68,49.03,260.00,38.75,5.80,491.88,213.00,11.55,199.97,526.90,228.32,n.a.,14.62,23.59,621.77,187.02,6324.60,9.35,149.18,447.26,1057.18,1775.00
27.91,3074.49,599.86,224.77,121.46,50.27,255.00,38.67,5.67,495.39,200.00,11.98,192.49,531.75,221.06,n.a.,12.97,23.31,612.37,181.49,6096.00,11.00,135.58,440.99,898.24,1715.00
31.45,3252.20,567.27,230.56,96.19,50.05,256.00,39.01,5.74,485.86,210.05,13.95,193.97,530.65,222.46,n.a.,12.00,23.42,589.29,189.79,5924.40,11.60,124.93,418.44,895.83,1637.00
49.79,3416.71,591.42,240.47,93.97,49.72,260.00,40.08,5.92,487.52,208.30,13.70,192.70,536.82,222.71,n.a.,10.93,23.26,581.15,174.55,5905.20,11.45,116.84,418.44,951.22,1615.00
63.11,3383.62,626.23,234.69,95.68,49.58,259.00,40.62,6.29,487.75,199.59,12.25,198.24,524.48,226.92,n.a.,11.02,23.23,580.13,185.25,5707.00,10.50,114.27,412.18,936.77,1537.00
65.35,3501.09,644.07,239.65,113.63,48.67,281.00,40.65,6.35,505.24,206.98,14.15,200.76,487.88,224.80,n.a.,9.39,23.29,594.23,220.20,6061.40,8.50,114.64,394.64,901.85,1353.00
59.12,3535.09,520.01,274.35,110.74,48.34,272.00,40.74,6.46,511.33,206.64,14.13,192.01,458.12,211.85,n.a.,10.06,23.15,601.67,228.60,5981.30,9.50,112.80,334.50,888.61,1278.00
49.86,3469.00,434.11,285.92,106.50,47.50,264.00,40.14,6.50,499.20,198.22,12.65,189.54,466.28,213.87,n.a.,9.74,22.48,638.16,219.95,5615.20,9.70,113.17,328.24,870.55,1265.00
42.63,3480.70,511.21,288.40,120.18,47.69,305.00,39.38,6.34,497.05,186.94,12.00,180.40,468.04,207.51,32.15,8.80,21.80,625.49,236.19,5610.76,9.10,111.33,319.47,887.41,1206.00
34.60,3538.31,501.48,279.31,106.67,48.78,326.00,38.49,6.41,492.56,220.67,12.70,183.51,470.69,210.13,32.69,8.51,21.42,593.75,200.35,5582.10,9.50,113.91,323.23,596.02,1188.00
34.05,3295.73,522.10,287.58,109.88,48.52,311.00,37.76,5.78,491.12,211.42,12.15,184.07,483.91,213.32,30.45,9.14,21.43,571.36,184.74,5515.96,9.40,119.42,328.24,586.39,1199.00
34.52,3149.82,500.87,263.61,107.66,47.90,286.00,37.33,5.37,495.44,209.34,12.05,190.37,472.01,215.89,29.10,8.51,21.22,556.47,182.04,5557.85,9.00,120.89,365.82,596.02,1254.00
34.96,3107.34,488.45,262.78,106.93,48.30,288.00,37.23,5.05,509.75,211.31,11.73,189.32,443.57,210.65,28.71,7.59,21.28,566.70,173.49,5698.72,9.20,122.04,371.88,721.00,1127.74
33.19,2965.84,396.48,257.00,104.81,47.50,293.00,37.94,4.60,480.30,228.71,10.78,190.08,432.99,208.86,27.40,9.20,21.40,588.68,163.71,5709.30,9.00,120.15,340.60,777.51,1067.45
35.53,2966.35,517.36,281.79,92.26,48.60,306.00,37.31,4.50,480.30,218.17,9.30,184.68,419.98,199.10,27.40,10.32,21.25,579.22,152.35,5673.60,8.55,118.21,337.48,723.48,1063.41
36.06,3030.12,572.02,279.31,77.79,47.50,298.00,37.05,4.71,553.48,212.42,9.65,199.19,445.33,208.08,27.99,9.59,21.77,575.61,162.12,5647.72,8.25,125.33,337.22,680.64,1047.74
37.31,3102.61,559.21,266.92,73.21,47.50,290.00,36.79,5.23,582.79,228.87,10.15,212.96,451.73,216.24,28.66,9.30,22.05,600.46,174.29,5575.10,7.25,135.37,313.96,613.45,1025.60
40.34,3100.45,493.05,285.10,59.99,48.16,277.00,37.51,5.18,573.05,218.33,12.15,203.19,431.66,205.74,28.64,9.13,21.78,600.84,185.85,5550.09,7.25,146.89,308.39,558.18,991.65
38.16,3199.41,599.72,299.14,55.73,47.14,274.00,36.96,5.59,573.89,215.79,10.75,198.68,418.44,205.67,29.56,8.63,21.76,605.13,197.07,5514.45,7.50,149.54,307.57,641.49,1100.65
32.95,3281.67,589.46,310.71,52.89,47.25,270.00,35.72,5.58,567.39,232.11,9.25,191.53,421.96,204.15,30.36,9.00,21.48,581.66,198.63,5515.89,7.40,160.84,295.40,652.19,1185.08
32.77,3261.65,504.74,316.50,51.77,47.80,276.00,36.35,5.47,577.77,214.72,9.40,193.36,420.42,208.61,30.17,8.42,21.38,554.58,175.28,5483.09,8.75,169.95,297.04,619.37,1157.66
33.00,3198.40,439.12,315.67,54.73,46.52,278.00,36.80,5.36,599.19,225.15,9.55,192.56,424.39,211.16,29.55,7.84,21.58,525.67,162.51,5612.10,7.90,177.13,341.89,655.83,1135.48
32.49,3104.06,432.59,327.24,52.38,47.14,277.00,37.51,5.26,602.24,231.24,10.20,194.94,446.44,216.14,28.68,8.25,21.36,566.88,165.44,5637.05,7.75,169.35,341.18,667.93,1217.77
34.91,3161.99,509.86,333.03,50.26,47.03,279.00,38.93,5.17,616.38,258.08,10.65,192.28,430.12,211.30,29.21,9.46,21.36,582.81,192.87,5836.25,7.75,159.93,352.12,667.70,1304.95
36.55,3259.13,486.47,323.94,64.16,47.07,274.00,39.30,5.29,628.68,233.16,10.85,199.53,454.15,220.37,30.11,9.61,21.03,566.23,211.22,6113.16,7.55,149.69,367.36,663.07,1377.74
39.10,3335.56,472.24,333.85,60.98,47.54,266.00,39.87,4.91,610.79,231.97,12.35,201.30,467.60,224.39,30.81,10.35,20.89,581.52,201.56,6632.00,7.75,148.67,364.88,633.89,1385.41
37.80,3454.20,552.16,315.67,61.04,48.30,279.00,40.12,5.94,609.62,236.24,12.40,192.64,425.05,208.10,31.91,10.31,21.09,568.60,206.41,6980.50,7.75,136.32,363.09,595.28,1320.41
36.74,3490.25,572.61,315.67,65.62,48.85,269.00,39.85,7.07,607.43,227.33,12.80,190.18,405.43,202.87,32.24,9.86,21.29,543.49,221.06,6784.21,8.05,128.17,351.25,568.94,1363.40
37.81,3342.78,560.26,323.32,53.85,48.89,256.00,39.65,7.89,606.17,231.18,15.10,194.99,414.03,202.89,30.88,9.31,21.55,554.74,221.01,6643.33,8.75,138.74,349.29,572.72,1367.12
37.52,2986.24,497.76,326.41,53.76,47.90,250.00,40.37,6.94,600.25,243.96,13.80,199.87,413.59,197.68,27.59,8.71,21.63,567.98,200.79,6025.91,10.25,140.58,335.47,535.26,1158.36
35.39,2747.90,418.69,341.29,56.06,49.29,252.00,40.14,6.04,623.68,244.61,13.85,199.12,444.45,205.21,25.38,8.56,21.38,568.19,203.64,5735.71,10.50,147.57,320.10,508.04,1052.24
33.57,2793.15,424.39,331.37,53.17,49.25,256.00,40.08,5.48,604.35,238.09,12.40,204.84,452.61,208.91,25.80,8.15,21.08,565.48,235.12,5765.81,10.00,147.83,310.70,512.94,1061.48
32.25,2757.83,426.06,338.81,59.14,50.48,262.00,41.09,5.25,605.35,225.02,12.40,203.32,468.04,212.33,25.48,8.24,20.76,582.52,239.49,5913.10,9.80,155.65,312.39,495.22,1067.57
34.10,2587.66,412.41,351.21,62.98,51.05,254.00,40.57,5.07,618.11,253.74,12.40,195.97,456.80,210.03,23.90,8.56,21.05,570.79,203.56,5792.75,10.10,148.88,309.68,469.37,1073.63
34.62,2628.83,364.46,337.16,65.60,52.18,230.00,38.47,4.93,616.81,263.16,12.90,199.39,462.75,214.12,24.28,10.62,21.57,574.59,190.48,5666.30,10.20,147.90,309.67,469.37,996.76
34.50,2783.90,380.62,323.94,63.73,53.51,206.00,37.39,5.46,645.42,284.55,12.88,204.27,468.26,217.68,25.72,11.15,21.69,607.14,177.75,5596.50,10.35,141.99,328.92,429.69,1006.00
34.00,2787.13,393.62,305.76,66.60,56.33,185.00,36.94,5.85,776.63,292.74,11.75,211.56,467.38,221.49,25.75,11.83,21.36,640.15,172.86,5505.47,10.10,136.58,337.01,468.13,979.26
32.49,2721.53,376.71,294.19,68.31,55.93,189.00,36.78,5.79,803.57,275.36,13.15,210.53,470.25,221.91,25.14,10.40,21.39,649.86,166.67,5115.45,10.30,121.82,327.79,470.06,928.23
30.63,2694.24,404.36,299.14,65.46,56.70,210.00,36.68,5.40,829.75,306.99,12.80,250.73,534.84,258.84,24.89,9.68,21.89,695.05,165.19,4978.55,9.90,127.52,324.38,464.93,930.07
30.74,2685.46,443.43,294.19,68.43,57.93,210.00,37.34,5.05,835.60,271.03,13.20,239.49,519.63,246.64,24.81,9.34,21.94,698.11,166.61,4819.00,10.05,129.80,313.93,450.74,886.83
29.55,2743.60,604.89,290.88,68.98,57.58,206.00,37.33,4.73,851.10,280.96,13.35,219.99,517.64,236.06,25.35,9.54,21.96,713.94,180.02,4510.68,10.20,131.29,310.83,423.51,875.73
30.75,2706.44,621.42,275.18,66.79,55.67,257.00,36.20,4.35,851.33,295.72,13.50,211.49,501.77,226.09,25.00,10.29,21.87,756.53,196.49,4687.24,10.18,135.96,316.62,454.84,918.57
28.22,2665.22,440.79,297.70,60.68,55.08,323.00,36.70,3.94,835.17,294.07,12.90,227.76,555.34,243.93,24.62,10.07,21.87,792.56,182.20,4643.82,9.90,146.50,325.50,497.77,929.39
25.02,2681.78,321.16,337.57,57.53,53.67,315.00,36.98,4.31,830.07,285.96,12.60,223.82,615.09,252.52,24.77,10.52,22.00,904.84,186.30,4781.70,9.85,158.65,320.03,465.45,975.53
26.56,2686.82,304.01,334.68,62.40,52.80,354.00,36.70,4.33,774.17,305.16,13.20,217.13,651.24,255.60,24.82,10.30,22.00,891.04,164.45,4950.71,9.45,153.21,320.10,542.31,998.60
25.77,2661.50,340.10,319.80,67.84,53.63,363.00,38.72,4.49,758.36,305.16,13.88,215.25,627.21,249.68,24.59,10.82,21.94,792.11,173.63,5442.45,9.45,147.04,338.13,606.03,969.75
25.64,2683.40,464.44,326.41,62.63,55.45,274.00,41.40,4.59,770.99,285.63,13.83,213.48,633.39,250.55,24.79,11.73,21.95,770.20,186.50,5405.52,9.30,141.04,379.25,609.58,937.61
28.38,2668.77,358.15,358.64,59.98,56.00,269.00,43.03,5.20,819.89,315.97,14.50,207.52,613.99,242.76,24.65,11.01,22.04,757.89,186.31,5383.05,9.25,140.45,376.82,645.79,924.34
30.78,2705.24,415.79,403.27,60.57,58.94,235.00,44.42,5.43,855.10,296.72,15.20,210.81,637.14,250.23,24.99,11.58,22.18,756.99,183.96,5493.48,9.25,140.15,398.37,719.63,956.71
32.27,2744.46,436.65,419.79,61.27,59.35,216.00,47.65,5.46,876.80,326.34,12.50,216.99,604.07,249.61,25.35,12.05,22.45,722.05,196.70,5497.64,9.25,139.30,394.46,779.41,966.00
33.81,3553.91,537.29,419.79,60.59,57.98,226.00,56.75,5.24,875.95,285.23,13.68,199.92,539.25,223.24,25.69,11.77,22.73,660.62,181.78,5300.95,9.10,137.60,411.95,773.50,962.64
31.81,3548.05,543.97,472.52,60.12,55.89,250.00,57.20,5.02,887.33,302.11,13.73,192.50,539.25,214.10,25.65,12.09,21.89,643.35,183.82,5173.32,9.05,146.02,425.91,806.82,946.91
30.23,3596.26,539.22,507.39,50.41,56.13,259.75,57.45,5.28,861.73,293.53,13.60,186.32,569.89,207.88,26.00,12.59,21.78,667.00,201.20,5318.73,9.45,158.79,444.48,876.10,993.55
30.88,3694.03,434.87,510.69,45.41,54.33,261.75,62.05,5.35,806.86,285.91,14.18,179.34,567.25,198.71,26.71,12.76,21.52,647.48,190.79,5479.29,9.50,167.19,433.45,824.64,1059.55
32.26,3656.24,329.21,584.24,40.26,51.67,264.50,60.95,4.85,792.31,286.32,13.50,175.45,615.31,205.39,26.43,13.93,21.57,685.25,178.32,6139.09,9.60,161.99,446.07,881.70,1150.27
30.26,3587.45,232.38,590.02,45.43,51.25,260.50,66.47,4.89,777.81,306.55,14.50,173.45,638.46,206.38,25.94,14.67,22.31,688.39,172.36,5935.50,10.40,164.62,426.04,878.41,1112.75
31.67,3622.27,351.10,541.27,53.42,51.25,274.75,74.58,4.81,793.98,281.66,15.00,172.51,615.53,202.50,26.19,14.80,22.66,669.09,163.56,6187.62,10.78,156.21,447.06,904.18,1154.81
32.72,3772.18,418.38,546.23,55.68,51.44,286.25,80.32,4.78,753.47,294.47,15.60,170.29,599.00,203.65,26.14,14.41,22.67,641.40,169.04,5431.00,11.15,154.42,467.94,892.34,1030.68
32.55,4161.09,448.61,567.71,54.05,51.85,283.00,81.78,5.08,714.20,299.17,16.25,177.20,610.90,209.35,26.61,14.59,22.46,645.48,172.09,5516.30,11.80,150.39,516.73,887.13,1021.70
35.19,4503.83,556.42,511.39,51.05,51.38,281.50,83.46,5.17,732.60,293.74,17.15,184.07,566.59,211.27,26.75,13.61,22.78,620.75,167.97,5854.44,11.85,148.98,520.27,867.85,1059.14
34.55,4446.18,561.90,491.14,48.05,52.33,287.75,78.13,5.36,750.78,294.21,16.20,185.63,565.26,211.64,26.40,13.52,23.10,613.22,164.39,5924.52,11.90,158.61,516.49,839.28,1036.62
32.50,4465.47,654.87,521.99,55.55,54.11,326.00,69.66,5.42,759.10,316.87,16.95,189.85,585.77,216.65,26.52,14.02,23.53,641.14,145.50,6646.82,11.70,169.98,519.41,826.06,1007.77
30.10,4624.57,686.70,563.41,66.06,56.40,345.60,60.96,5.01,752.33,318.01,17.70,199.36,606.49,226.92,26.52,13.59,24.47,671.05,143.37,6640.75,11.70,190.09,537.66,751.11,1028.06
30.90,4591.11,608.39,540.41,78.08,59.47,340.67,58.87,4.75,741.70,305.36,16.25,194.64,580.26,218.92,26.10,12.98,23.49,643.00,150.37,6966.14,11.70,184.39,547.44,789.25,1015.48
31.42,4749.52,537.55,524.82,75.70,60.63,359.75,61.10,4.67,728.71,300.18,15.65,209.81,579.15,232.59,25.89,11.69,23.23,627.38,163.39,6333.75,11.85,193.67,507.04,732.98,988.03
30.32,4973.13,546.21,553.62,78.51,58.72,382.60,63.96,4.45,723.50,274.59,14.90,219.23,587.53,240.99,26.25,11.84,22.97,629.64,176.91,6209.55,11.85,203.79,495.99,622.07,980.43
31.51,5082.29,564.24,549.55,65.89,59.65,340.50,73.18,3.93,716.06,322.97,13.68,230.54,565.93,249.74,26.00,11.98,22.60,600.91,173.62,6381.67,11.85,204.07,436.58,600.95,1033.19
33.62,5002.53,443.23,539.94,71.50,58.57,341.25,74.21,3.87,715.85,306.16,13.35,249.43,553.80,263.96,25.59,12.31,22.71,577.48,179.66,6275.79,11.85,208.92,453.11,590.53,1017.16
33.34,5509.12,417.53,482.30,72.90,58.45,364.40,70.30,4.32,719.36,297.69,13.10,258.36,532.86,270.12,25.45,12.53,22.39,568.74,174.42,6257.14,12.20,206.88,456.77,584.39,1019.69
33.11,6067.63,434.47,483.42,78.51,56.83,367.00,70.55,4.27,713.66,290.36,14.05,253.71,535.72,268.26,25.54,12.82,22.62,567.05,177.03,6189.29,15.75,218.89,450.38,525.31,1035.83
36.40,6032.36,474.39,462.98,89.72,55.12,362.50,70.70,4.36,728.68,299.45,15.00,251.40,534.40,265.78,25.39,12.90,22.57,549.67,168.66,6205.25,15.75,215.52,439.18,573.83,1063.25
38.82,5909.79,528.79,494.92,99.53,56.02,325.80,66.64,4.44,751.38,307.24,16.75,274.40,580.48,290.42,25.20,11.98,22.58,594.95,172.37,6467.25,15.99,251.66,416.56,597.67,1043.95
35.76,5906.63,520.09,503.07,112.15,60.32,332.25,67.33,4.25,753.11,296.21,16.00,271.62,598.33,295.52,25.18,11.38,22.59,617.91,176.12,6401.90,16.38,262.11,440.06,743.54,1036.55
34.76,6014.78,559.05,446.58,102.34,64.64,341.50,66.95,4.25,747.91,313.65,15.95,264.25,565.93,284.61,25.64,12.17,22.49,585.35,171.24,6183.75,16.50,227.27,447.61,701.36,1009.40
36.63,5903.83,527.45,418.14,124.77,66.26,358.00,61.30,3.78,743.97,304.74,13.80,272.55,550.05,288.77,25.83,12.81,21.80,567.83,160.17,6245.52,16.50,202.60,420.32,671.43,1000.52
37.83,5811.23,527.25,449.59,124.77,66.70,335.50,59.10,3.68,743.43,311.08,13.15,281.53,552.26,296.30,25.77,12.37,22.35,565.86,167.97,6109.52,16.46,191.63,417.67,751.65,1007.95
41.47,5925.11,528.42,468.69,76.30,66.70,328.40,59.19,3.76,755.31,336.14,12.40,294.05,554.90,297.49,25.93,11.92,22.38,561.95,187.38,6093.71,16.15,178.71,404.38,738.33,998.98
43.92,6023.87,473.70,448.41,76.59,65.68,312.75,56.33,3.89,753.33,316.82,14.55,260.90,509.71,259.80,26.36,11.12,22.37,517.57,183.51,5933.09,15.74,178.32,416.41,681.61,1002.72
41.73,6235.91,474.99,466.77,75.74,65.83,315.00,57.62,4.13,753.65,336.25,13.93,255.55,509.93,255.28,27.65,10.72,22.12,515.29,189.37,5993.86,15.07,176.41,419.48,616.97,1044.31
44.05,6241.91,433.88,480.96,76.51,65.19,313.67,57.02,4.21,726.84,309.34,14.00,258.24,506.18,257.16,27.68,10.74,22.10,512.55,197.74,5826.24,14.76,175.70,417.72,632.94,1036.55
43.63,6225.94,424.60,522.67,74.60,64.20,356.00,55.85,4.31,740.31,309.67,15.50,260.66,526.46,268.10,27.61,10.69,21.88,527.39,189.36,5871.14,14.49,175.73,408.62,677.73,1086.14
38.45,5202.66,406.73,532.26,72.48,62.54,347.00,55.37,3.93,753.29,314.03,15.25,273.45,527.12,280.54,27.03,10.81,21.87,522.15,193.57,5874.32,13.81,172.35,442.94,730.96,1178.16
36.40,4815.96,419.62,508.01,68.96,61.82,323.40,55.64,3.74,756.65,298.16,15.54,301.17,544.32,305.88,26.69,11.14,21.81,533.33,213.18,5901.32,13.62,176.61,425.82,719.66,1254.34
33.70,4235.24,451.19,509.47,76.86,61.30,299.33,52.19,3.68,749.82,270.20,14.50,309.33,537.05,313.36,27.09,11.30,21.73,533.27,240.29,5707.59,12.83,183.49,451.19,764.21,1240.02
36.52,4246.53,470.14,508.57,81.52,60.89,324.50,50.20,3.63,747.56,313.15,15.80,324.99,529.55,319.84,27.16,11.13,21.70,551.73,252.76,5704.85,11.83,172.59,467.49,805.00,1310.13
33.82,3452.36,439.75,471.65,83.17,60.89,323.20,50.44,3.57,736.60,279.22,15.20,300.66,507.94,304.77,27.34,11.43,21.63,534.19,224.81,5560.29,10.94,148.39,478.76,829.35,1354.98
34.59,3760.36,515.50,445.03,83.14,61.30,320.00,42.58,3.66,705.70,303.36,15.30,284.33,483.47,281.16,27.79,11.57,22.03,523.61,244.77,5435.78,10.49,138.31,478.56,826.26,1517.02
35.25,3607.56,571.51,444.55,77.41,62.71,285.00,41.54,3.60,649.00,289.82,14.55,279.81,490.09,267.59,26.66,11.70,22.23,532.90,257.76,5423.30,10.39,150.61,427.63,765.93,1650.63
35.13,3839.11,547.13,460.63,70.66,63.05,270.20,39.43,3.64,587.03,298.62,16.20,277.95,509.93,255.21,26.60,11.33,22.29,550.77,247.53,5493.48,10.25,151.74,448.81,801.91,1638.29
37.74,3914.95,493.47,490.54,65.95,59.63,265.75,39.63,3.74,534.52,278.46,17.93,245.04,541.90,250.75,27.12,11.38,22.25,591.30,252.51,5556.52,11.28,151.66,435.41,769.16,1276.67
35.96,3881.83,414.98,493.09,63.03,57.56,251.75,38.13,3.62,516.44,299.18,17.50,259.68,565.71,265.43,28.06,12.01,21.90,652.00,264.69,5651.00,12.75,149.88,434.67,739.89,1171.15
32.33,3655.30,352.94,498.67,56.52,55.98,263.50,32.91,3.58,471.02,275.66,16.10,241.42,546.75,254.59,27.63,12.33,21.89,630.04,265.05,5506.19,12.50,144.62,413.62,688.07,1101.26
28.18,3475.10,361.63,548.63,50.56,55.50,293.50,30.67,3.47,413.37,287.30,18.10,217.84,550.05,246.00,27.19,11.52,21.85,629.32,317.37,5200.50,12.04,137.10,399.02,636.11,1096.25
26.52,3164.00,394.70,595.77,50.38,55.81,297.00,37.30,3.42,504.15,277.70,18.80,207.11,581.36,247.42,27.26,10.72,21.79,637.45,329.13,5236.50,11.38,140.05,406.64,631.72,1043.20
24.74,3106.16,408.36,599.87,50.25,56.92,295.00,33.79,3.51,506.13,278.62,18.75,188.89,597.01,240.12,27.62,9.84,21.74,661.73,261.48,5468.64,10.66,138.92,384.83,625.92,1046.75
25.02,3093.11,443.83,628.88,50.75,57.62,311.00,35.03,3.83,505.98,280.31,17.50,176.48,614.21,235.09,27.80,9.68,22.14,687.27,234.06,5707.00,10.75,130.15,379.81,627.82,1096.18
26.17,3160.63,448.75,643.72,61.33,59.08,318.50,35.49,3.95,472.69,297.55,17.03,171.40,617.07,236.15,27.23,9.23,22.31,747.71,190.30,5868.16,10.75,128.92,355.70,606.13,1060.37
23.39,3184.11,457.59,583.24,60.45,62.54,331.00,31.89,4.17,451.42,290.69,16.00,178.42,565.04,231.12,27.43,8.10,22.43,717.00,218.15,5967.86,10.75,120.64,348.24,595.30,1007.60
23.84,3172.03,542.93,583.59,52.34,67.34,323.00,31.92,3.83,437.60,268.34,16.25,188.04,544.76,232.43,27.33,8.62,22.67,701.87,226.20,5651.19,10.61,118.54,308.83,583.14,1043.50
23.44,3148.39,506.80,589.90,49.06,70.85,323.00,29.64,3.61,455.58,269.07,16.50,152.85,522.94,202.25,27.13,8.48,22.22,658.52,237.75,5690.26,10.50,107.95,296.93,500.19,1029.05
25.88,3293.41,499.06,626.84,40.93,71.06,322.00,30.97,3.64,503.50,276.91,17.15,143.22,544.54,193.34,27.94,7.23,21.93,651.50,225.25,5479.77,10.23,107.93,280.11,462.89,999.64
24.89,3346.80,433.00,613.46,38.59,69.15,298.25,33.06,3.76,510.49,265.69,15.05,151.25,544.32,200.76,28.18,7.46,21.66,643.45,209.80,5424.50,9.61,126.54,286.85,417.47,941.36
22.31,3281.72,428.24,616.53,23.68,67.10,270.33,32.60,3.77,513.99,281.84,13.65,160.32,545.86,209.90,27.63,8.06,21.83,639.48,206.75,5478.00,8.88,130.21,294.93,472.27,965.95
19.54,3299.12,383.92,579.74,19.10,64.90,282.50,30.44,3.66,534.97,283.75,13.85,160.90,522.72,204.91,27.78,8.08,22.19,607.43,206.50,5262.37,8.49,126.21,294.77,474.81,961.58
21.22,3260.92,417.37,560.56,34.86,62.93,301.67,32.42,3.71,538.46,290.99,14.90,150.15,505.08,195.04,27.45,8.11,22.41,570.67,225.00,5103.00,9.01,125.29,299.37,489.07,931.75
20.14,3216.03,403.97,484.72,37.34,61.25,280.00,31.16,3.57,538.46,286.34,15.58,143.06,443.13,179.67,27.08,6.82,22.34,481.70,225.25,5262.00,9.20,117.03,287.10,493.14,1017.60
24.09,3767.08,439.64,428.77,35.08,59.00,256.20,28.88,3.56,555.94,300.62,15.95,144.45,411.16,175.06,26.94,6.03,22.54,454.26,231.75,5292.95,10.44,117.34,297.46,626.64,1028.80
29.49,3824.25,447.14,439.74,39.45,57.71,235.50,26.83,3.69,566.43,285.05,15.70,146.51,421.52,177.54,26.78,5.42,22.60,475.73,236.75,5381.75,10.85,113.87,298.88,680.43,1018.18
30.22,3876.89,444.25,398.46,48.75,59.60,244.25,27.11,3.65,580.42,303.76,14.85,145.24,401.02,171.45,26.86,5.75,22.65,491.90,222.00,5643.16,10.73,113.00,288.74,620.30,1039.92
30.45,3829.73,484.44,330.79,45.92,60.96,254.75,27.38,3.47,608.39,290.64,11.68,150.37,373.24,170.00,26.53,6.04,22.63,462.64,207.25,5262.73,10.56,111.41,288.32,676.74,999.91
35.17,3658.97,460.27,279.58,44.33,61.13,255.75,25.68,3.41,622.38,290.95,13.53,143.26,340.83,158.31,26.17,5.38,22.60,436.86,205.60,5210.45,10.26,103.02,286.32,690.03,1071.23
37.92,3736.30,492.36,308.27,53.25,60.41,251.00,25.48,3.48,629.37,296.19,14.50,154.13,368.83,172.00,26.72,5.72,21.28,460.23,209.00,5224.29,10.11,111.41,254.34,631.04,1129.69
41.98,3773.36,471.85,342.40,48.70,60.92,233.00,27.02,3.46,643.36,314.87,15.25,161.68,375.89,180.64,26.99,6.67,20.12,464.32,239.00,5336.82,9.92,113.19,247.09,623.26,1192.93
41.66,3852.53,517.99,326.07,46.59,58.67,217.00,29.36,3.51,643.36,323.23,16.24,166.01,362.22,178.18,27.56,6.75,19.43,437.71,280.00,5425.24,9.76,108.10,247.29,619.83,1147.98
45.46,3709.49,340.37,315.97,47.66,58.50,227.50,33.59,3.51,643.36,309.67,16.95,164.45,356.27,171.20,26.99,6.51,17.40,431.32,278.00,5835.23,9.71,108.80,255.49,631.74,1146.39
46.91,3299.71,339.07,312.00,50.94,58.50,231.00,31.08,3.81,643.36,314.24,14.00,161.50,349.65,169.96,26.83,5.98,17.67,430.22,228.68,5719.12,9.64,102.16,267.26,648.77,1185.24
47.23,3553.80,348.90,301.79,51.61,58.23,247.50,29.21,3.87,643.36,295.28,17.00,172.43,356.05,180.38,27.29,5.63,17.69,428.52,228.00,5926.25,9.55,105.83,276.44,724.21,1178.58
50.85,3488.13,323.59,277.58,54.91,57.63,243.00,33.39,3.90,643.36,312.80,17.55,180.47,347.01,185.76,26.61,5.35,17.08,405.52,234.25,5669.00,9.39,108.41,260.07,727.09,1098.25
51.48,3443.88,299.18,294.39,57.76,57.25,228.80,30.94,3.94,636.36,320.71,17.75,185.63,371.48,190.97,26.27,5.11,18.39,406.87,253.08,5463.80,9.31,105.70,267.10,767.31,1113.00
43.95,3404.10,337.49,318.14,66.95,57.25,217.00,31.93,4.01,636.36,298.83,17.85,187.86,400.14,197.10,26.33,6.01,19.41,436.00,249.40,5398.05,9.14,105.11,273.81,801.42,1132.52
51.06,3243.64,411.02,283.17,69.16,57.76,198.78,31.20,4.05,633.93,310.91,16.30,200.98,381.18,200.87,25.09,6.78,19.12,412.91,252.00,5437.96,8.50,110.78,290.37,817.72,1154.07
55.50,2970.88,426.49,272.23,69.50,59.12,197.86,30.39,4.01,629.37,303.42,16.05,191.49,359.13,186.95,25.08,8.33,19.06,373.23,240.64,5461.18,8.23,113.51,293.98,764.33,1116.19
52.78,2669.99,401.78,266.54,66.59,59.76,191.00,29.40,4.06,628.21,290.24,16.78,175.93,341.50,169.50,25.08,9.64,18.83,353.86,247.00,5329.76,8.10,108.98,302.36,746.93,1135.91
55.12,2666.90,392.32,257.15,59.49,60.17,187.09,30.31,3.83,604.90,238.72,18.00,171.07,336.65,167.87,24.77,10.60,18.88,352.65,261.35,5314.35,7.96,108.28,289.92,717.29,1172.55
60.14,2567.81,364.71,239.79,57.16,61.70,178.14,29.81,3.24,544.96,275.27,18.30,188.03,340.83,180.45,23.85,9.86,19.57,354.86,262.43,5471.81,7.57,117.49,283.27,695.90,1221.67
58.93,2598.36,379.84,208.46,54.89,61.53,186.73,30.13,2.94,538.46,270.09,17.65,186.00,329.37,173.61,24.14,10.41,21.59,338.91,253.00,5266.45,7.40,128.22,279.87,688.38,1091.61
60.60,2552.18,364.21,215.31,48.68,61.50,184.86,28.74,2.87,526.38,289.62,16.65,194.33,330.47,177.19,23.71,9.51,21.77,332.55,250.82,5264.82,7.13,127.73,267.66,663.53,1058.68
47.27,2601.72,309.02,199.18,54.76,61.50,183.57,28.13,3.02,524.48,211.79,16.70,211.81,328.05,185.96,24.30,9.72,21.36,356.05,245.43,5227.40,7.14,128.01,286.88,688.39,1059.33
48.51,2624.08,348.93,191.79,50.38,61.54,184.43,27.61,3.05,517.48,275.60,16.90,197.59,321.43,175.42,24.58,10.06,21.46,346.91,236.09,5168.50,7.10,132.84,309.69,716.14,1032.70
51.01,2552.27,407.17,185.07,53.80,61.77,185.10,27.30,3.02,501.75,289.82,16.65,178.71,325.40,167.45,24.17,9.36,21.54,349.10,230.00,5121.25,7.39,128.12,323.95,733.28,1021.58
46.90,2565.32,554.81,210.90,63.11,62.00,177.09,26.02,3.10,500.00,263.49,14.75,169.52,351.86,164.38,24.03,8.72,21.55,379.86,224.82,5049.64,7.69,130.28,315.36,688.23,1005.62
48.11,2597.95,629.72,208.96,64.63,62.06,162.10,26.25,3.03,500.00,289.28,14.00,169.02,334.00,158.61,23.86,8.05,21.52,372.29,212.35,4949.78,8.23,129.30,327.52,760.63,970.14
51.65,2581.68,734.34,194.01,70.61,63.04,164.26,27.51,2.97,500.00,275.59,13.65,178.07,323.64,163.87,23.70,8.96,21.35,379.65,195.57,4951.79,9.00,135.00,325.69,716.77,937.96
50.60,2536.49,830.56,209.17,72.92,63.54,167.76,28.12,2.89,476.69,305.24,12.35,185.04,332.46,170.23,23.30,8.74,21.04,412.62,191.00,4829.90,8.78,127.23,326.92,683.81,896.93
46.52,2559.12,962.94,279.63,72.97,64.27,169.73,27.48,2.83,481.09,289.42,12.05,194.23,383.38,186.65,23.51,8.54,21.01,453.09,196.09,4343.59,8.75,123.79,328.26,630.79,853.30
48.40,2626.91,784.58,312.62,71.54,65.58,168.74,26.60,2.92,475.52,292.20,11.30,189.10,397.49,182.75,23.90,7.90,21.29,465.22,197.74,3929.45,8.95,121.92,348.94,617.91,830.03
46.98,2736.64,577.54,259.56,63.93,66.48,173.00,26.29,2.92,489.51,282.92,11.56,183.94,358.47,172.35,24.32,7.16,21.37,430.20,190.90,3698.37,9.15,122.03,340.53,524.19,799.51
38.88,2842.81,423.63,232.09,57.29,65.70,170.87,24.37,2.79,484.65,274.31,10.63,177.63,334.00,160.63,24.14,6.60,21.15,440.48,177.26,3749.17,9.47,123.34,330.29,441.98,761.74
35.04,2936.19,466.00,281.51,48.60,64.33,170.00,23.35,2.62,465.99,289.10,9.90,177.99,352.96,162.56,23.89,7.28,21.33,576.27,162.09,4059.32,9.43,125.27,335.91,466.09,774.35
34.74,2847.84,425.76,295.47,47.41,63.23,179.38,22.12,2.56,468.86,266.97,11.60,166.50,348.77,160.15,23.93,7.41,21.44,627.62,163.57,4022.47,9.50,122.53,376.13,501.44,757.97
35.95,2788.69,443.71,310.30,54.26,62.94,191.13,25.73,2.52,470.96,252.90,12.70,169.58,343.48,160.06,23.82,7.31,21.24,567.43,172.91,3867.95,9.59,125.31,444.11,599.55,794.20
37.47,2774.94,454.62,296.77,55.14,62.92,194.35,28.33,2.52,482.52,271.49,12.23,165.45,341.94,160.20,23.65,5.68,20.91,563.05,169.90,3724.61,9.72,123.28,516.35,621.99,773.47
44.39,2795.62,590.33,302.45,50.80,62.73,189.29,30.41,2.68,482.18,241.47,11.00,174.29,356.93,168.69,23.65,5.92,20.21,546.52,195.19,3850.75,9.95,122.56,529.16,607.57,820.00
47.74,2814.34,579.16,311.15,44.78,62.50,189.50,30.57,2.81,485.06,248.19,11.30,175.93,365.09,171.36,23.99,5.18,19.74,545.68,185.64,4026.48,9.75,123.72,525.07,614.56,807.58
48.20,2820.98,635.51,337.82,46.98,63.35,198.30,31.98,3.02,484.65,254.10,11.66,179.90,376.77,176.64,24.27,5.61,19.82,525.00,164.09,4152.82,9.90,121.46,519.78,619.09,768.25
45.99,2834.26,635.47,376.00,50.41,63.80,202.00,38.12,3.05,500.00,259.95,11.23,185.83,399.04,185.37,24.72,5.25,19.99,556.85,168.50,4303.33,9.90,132.03,548.84,603.14,769.42
48.32,2981.64,653.47,369.21,54.87,64.21,199.61,37.72,3.06,507.45,287.33,10.78,204.24,423.07,209.09,25.83,5.79,20.73,596.22,175.43,4313.78,9.89,149.30,539.68,569.12,795.01
50.22,2957.09,637.60,391.51,46.11,64.11,191.32,39.13,3.02,532.74,280.84,11.85,201.12,453.27,208.22,25.54,5.86,20.95,639.77,181.86,3832.24,9.85,161.26,534.99,575.72,748.81
53.05,3000.22,626.68,369.40,36.66,64.04,188.48,40.40,3.13,564.77,309.20,12.85,200.25,443.13,208.22,25.86,6.41,21.52,631.62,193.43,3961.76,9.80,187.84,584.34,642.41,756.18
51.64,2987.84,614.28,372.80,42.81,63.00,185.48,37.48,3.14,565.22,299.03,13.10,185.35,445.55,200.09,25.89,7.02,21.83,635.43,181.09,4242.09,9.84,190.32,664.34,748.18,755.09
46.49,3012.77,476.80,409.97,40.60,61.90,187.19,38.11,3.15,564.44,283.98,13.25,183.88,490.75,210.22,26.14,7.30,22.31,732.38,178.48,4228.95,9.86,176.26,691.81,768.39,764.57
52.27,3037.73,426.76,433.56,43.67,61.49,185.27,38.46,3.16,565.16,290.55,12.80,181.98,479.06,208.24,26.38,7.51,22.04,729.95,183.73,4227.19,9.88,168.98,689.34,763.16,794.26
57.64,3257.01,547.13,431.32,46.58,62.27,199.74,41.11,3.34,552.45,294.99,12.45,184.87,453.49,208.68,26.88,7.89,22.04,659.39,182.39,4445.27,10.16,149.60,725.81,800.63,782.34
61.60,3395.19,505.06,421.52,48.16,63.13,198.75,44.74,3.25,549.83,277.48,11.95,192.42,451.07,209.64,26.77,8.35,22.18,640.60,192.25,4572.30,10.10,150.84,734.89,778.49,785.67
56.83,3482.40,633.16,390.13,48.84,63.86,196.95,48.19,3.18,549.12,257.37,12.43,191.36,460.99,210.24,26.32,7.84,22.26,647.00,192.19,4592.67,10.10,141.81,681.58,733.70,790.33
47.75,3463.60,700.00,377.20,49.26,63.53,195.18,45.24,3.18,550.06,296.90,11.90,200.26,481.49,221.72,26.18,7.26,22.00,667.64,188.50,4561.25,10.10,138.62,685.72,740.17,756.75
48.85,3570.42,685.00,382.12,58.99,64.60,197.73,45.33,3.25,554.83,275.09,11.30,214.18,495.82,232.43,26.99,7.01,21.85,678.27,182.09,4734.00,10.90,141.96,633.01,678.33,776.12
52.26,3820.14,719.44,390.44,64.81,65.99,203.67,46.72,2.69,552.45,290.30,11.15,210.61,488.10,229.81,27.61,6.40,21.63,634.05,196.95,4678.05,10.90,131.35,680.28,697.09,790.66
53.59,3852.84,749.65,382.83,60.90,67.50,199.48,45.61,2.40,552.45,297.01,11.65,200.44,464.95,214.05,27.02,6.73,21.35,577.52,204.48,4733.26,10.95,131.62,684.95,678.54,828.50
55.63,3823.97,793.20,361.94,56.69,68.50,196.43,47.69,2.50,559.44,291.02,11.53,199.30,436.51,208.24,26.51,6.71,21.25,552.24,191.95,4802.55,11.24,148.72,653.47,670.87,815.20
50.42,4007.75,782.99,374.87,56.65,69.23,202.86,50.48,2.88,545.45,292.74,11.30,218.14,494.94,231.72,26.79,6.27,21.17,617.50,195.41,4907.27,11.49,145.62,647.28,674.52,818.94
54.41,4224.25,836.15,449.02,52.54,68.57,204.00,58.92,3.16,545.45,285.83,11.48,245.71,575.63,269.01,27.87,6.10,21.02,705.22,200.48,5227.43,12.37,147.46,602.73,664.39,900.10
54.61,4256.22,660.98,484.63,48.69,68.36,201.75,58.15,2.96,545.45,283.28,10.65,262.96,581.36,279.74,28.08,6.19,20.85,708.80,200.00,5363.35,13.18,160.55,589.76,646.52,914.24
56.14,4407.41,582.95,478.47,48.68,68.98,197.00,57.31,3.12,538.46,269.63,10.38,255.64,619.06,283.21,29.11,6.34,20.40,711.74,205.22,6058.41,13.35,165.57,588.41,661.25,976.76
58.74,4525.80,718.27,467.69,52.94,69.58,207.45,57.52,3.23,538.46,275.44,10.90,278.48,643.53,300.94,30.29,6.03,20.58,720.50,202.82,6432.49,14.80,166.33,613.51,729.36,1015.89
58.65,4669.09,831.05,501.61,61.03,71.59,213.25,58.84,3.32,552.45,303.42,10.73,286.39,704.82,316.58,31.05,5.87,20.65,755.50,198.10,6662.70,16.05,161.39,611.93,721.52,1085.79
63.02,4673.58,934.72,520.57,65.35,73.09,240.35,61.26,3.45,552.45,307.38,11.33,331.41,738.33,360.72,30.39,6.50,21.13,756.04,191.78,7602.21,17.14,166.28,587.69,708.75,1101.80
63.16,4565.24,858.92,516.34,65.28,74.75,253.41,62.91,3.61,552.45,299.19,11.00,343.71,719.37,363.55,29.98,6.86,21.05,706.91,177.95,8909.00,17.75,166.58,554.63,706.12,1028.91
70.37,4570.70,872.75,481.14,78.87,76.59,251.57,62.10,3.48,587.41,344.08,11.50,331.65,679.46,347.91,29.70,6.62,20.75,638.62,186.62,9391.63,17.75,163.73,533.09,676.93,1030.98
66.64,4636.37,920.82,408.98,78.36,79.63,244.23,62.78,3.21,590.91,343.06,10.40,311.68,624.79,320.69,30.39,7.51,20.03,583.77,186.59,9158.64,17.88,154.74,560.59,708.15,1018.86
70.96,4649.91,994.18,386.63,78.66,80.94,240.32,59.29,3.11,594.41,347.30,9.63,291.01,575.85,289.82,30.62,8.17,20.36,688.95,190.73,9021.91,17.90,150.60,553.05,717.64,988.10
78.83,4669.55,935.59,393.71,76.03,80.10,252.55,57.14,3.35,594.41,355.27,10.50,212.15,520.07,225.81,30.26,7.88,20.10,727.23,206.45,9021.43,17.90,141.29,528.97,714.35,976.80
77.73,4569.18,901.30,401.64,74.88,78.16,252.00,57.54,3.26,594.41,342.72,9.80,182.69,508.83,206.47,29.81,8.67,20.78,766.09,240.73,9015.68,18.60,151.03,500.93,703.60,980.03
87.38,4547.86,921.20,381.61,72.70,76.00,253.52,58.57,3.19,601.40,349.50,9.65,171.44,458.12,193.45,30.03,8.96,20.43,752.00,201.76,9043.21,20.08,150.15,508.86,718.96,1066.95
78.61,4670.36,715.34,386.67,75.81,74.71,262.32,57.15,3.23,608.39,327.98,9.80,170.13,460.99,195.84,30.93,8.67,20.45,824.05,192.50,9038.65,20.20,156.57,537.86,736.03,1100.23
73.02,4823.58,686.13,370.09,72.18,73.60,278.43,54.97,3.67,608.39,292.37,9.45,175.72,451.29,198.62,32.07,8.80,20.55,893.22,201.78,8473.71,20.50,153.87,547.30,717.96,1182.14
80.38,5351.37,640.12,346.63,72.08,73.44,288.38,54.21,3.69,636.36,328.99,9.50,175.18,434.82,195.66,31.23,8.92,20.62,1088.67,236.67,7705.65,20.54,153.59,556.94,730.77,1245.55
83.20,5579.55,742.36,347.57,69.23,73.75,292.35,57.65,3.89,636.36,316.35,11.65,178.55,443.26,197.59,31.39,9.32,20.36,1095.10,258.10,8106.33,21.20,151.30,549.33,734.66,1323.11
95.37,5645.16,1109.06,374.83,69.45,73.88,295.00,60.31,3.98,646.85,359.52,11.48,207.64,513.10,233.18,31.69,8.90,20.60,1164.57,241.52,8442.24,21.84,150.99,545.18,728.58,1373.96
94.94,5619.99,1174.97,375.84,69.00,74.00,299.14,60.28,3.98,643.36,325.82,10.53,210.27,498.62,228.76,31.51,8.53,21.21,1161.29,190.71,8133.81,23.14,140.88,543.69,729.18,1297.81
89.71,5487.49,1095.68,370.16,74.92,74.29,295.27,61.96,4.00,657.34,334.52,9.47,218.01,501.41,233.46,30.89,8.51,21.89,1160.86,200.32,8099.25,28.25,144.25,543.49,717.13,1245.54
101.10,5371.33,934.69,369.64,67.47,74.48,287.05,66.24,4.18,657.34,327.32,9.27,241.22,529.74,254.74,30.24,9.03,21.04,1152.00,223.41,7604.36,29.00,141.93,553.32,684.60,1273.12
105.71,5239.17,748.69,369.60,67.52,74.75,278.71,77.13,4.38,657.34,298.10,9.64,238.80,546.91,253.35,29.11,9.60,20.69,1152.00,201.38,7180.93,29.28,143.87,563.57,692.06,1196.86
115.97,5590.13,757.40,360.30,69.66,74.77,283.48,73.42,4.34,664.34,334.24,9.16,217.60,504.88,230.43,29.82,9.88,20.49,1152.00,211.83,7228.14,29.65,149.36,531.87,668.84,1300.75
115.58,5669.46,749.03,369.98,67.45,75.19,287.41,77.40,4.18,671.33,331.08,9.22,193.57,496.88,212.02,30.07,10.81,20.81,1152.00,224.41,6770.58,30.43,159.71,517.85,647.40,1396.66
109.02,5652.39,815.14,382.82,64.88,74.38,290.71,77.99,4.08,671.33,331.64,9.38,186.58,523.29,211.17,29.33,11.61,21.72,1152.00,211.57,6415.48,32.75,167.83,500.83,622.57,1483.22
103.18,5727.45,879.53,375.97,59.88,72.69,278.95,73.58,3.92,685.31,333.10,9.62,192.15,490.06,210.70,28.86,11.81,21.64,1152.00,194.77,6173.72,33.56,161.12,481.51,593.69,1610.65
105.83,5296.38,849.42,368.90,60.70,71.21,277.27,77.26,4.13,685.31,319.36,9.53,209.58,466.00,216.54,29.02,13.93,21.74,1152.00,201.86,6762.50,35.53,164.44,479.73,583.24,1819.36
117.10,5751.19,849.75,377.92,55.84,69.86,284.45,85.93,4.03,713.29,308.75,9.59,201.96,482.97,214.01,29.37,16.19,23.38,1090.91,225.00,7067.36,36.75,167.16,496.60,639.17,2091.77
112.09,5820.51,821.46,390.63,58.43,69.18,296.40,94.36,4.00,713.29,324.53,9.45,198.43,497.64,214.37,29.07,18.05,24.13,715.30,278.90,7788.87,37.69,179.84,520.76,709.73,2219.75
114.32,5744.85,808.86,383.36,58.68,68.29,297.74,95.02,4.62,713.29,317.78,10.30,192.43,515.90,212.71,28.99,17.08,23.06,693.87,259.74,7949.02,39.77,174.44,528.71,698.75,2427.66
127.60,5583.08,800.33,386.41,55.96,67.52,298.50,98.59,5.43,720.28,309.13,10.20,190.55,518.43,208.90,29.37,17.46,23.59,673.25,230.45,8859.66,41.10,180.35,515.46,697.70,3068.34
128.85,5853.98,800.19,394.52,66.23,67.87,301.26,111.80,6.17,759.90,327.65,10.12,193.25,557.36,217.36,31.09,16.90,23.43,673.00,238.26,8793.17,42.28,193.17,522.00,732.25,3544.64
128.15,5474.81,665.84,386.18,74.38,68.98,305.59,123.80,6.68,749.27,349.85,9.88,196.26,550.12,216.50,30.65,15.69,23.32,673.00,250.14,7858.77,44.17,195.16,515.63,714.49,3197.59
135.97,5513.21,734.40,404.02,70.10,69.90,312.43,114.17,6.14,749.62,357.94,10.48,187.27,586.78,217.25,30.67,15.86,22.30,673.00,263.81,8356.44,46.50,202.43,522.87,704.85,3320.74
134.81,5575.76,830.84,434.48,71.93,70.42,313.39,100.37,5.83,769.30,368.83,9.82,175.91,562.53,203.84,31.47,12.98,21.39,673.00,247.22,8436.68,47.44,189.91,534.29,717.56,3339.97
116.62,5474.18,878.63,416.94,67.91,70.69,312.90,83.76,4.72,766.66,355.23,10.30,177.59,534.28,199.31,31.37,12.31,21.16,673.00,229.81,8975.02,52.44,195.98,521.83,704.91,3394.06
108.78,5239.93,1036.00,422.32,64.32,69.65,309.64,84.44,4.30,762.07,372.60,11.47,194.12,559.71,217.89,31.18,11.51,20.32,673.00,224.27,9809.50,56.06,212.09,524.66,690.74,3829.60
109.22,5060.34,931.12,476.74,62.12,69.00,300.59,75.26,4.31,776.99,349.97,11.44,214.23,623.61,244.00,31.79,11.73,19.76,673.00,213.23,10038.41,61.44,205.81,640.02,790.34,4378.61
114.52,4760.48,792.80,528.24,60.59,69.35,309.29,79.25,4.51,798.18,367.03,11.21,205.69,628.61,243.31,32.66,11.70,19.59,673.00,239.57,11125.95,66.57,204.31,644.21,790.69,4381.45
100.52,4490.58,797.09,550.78,59.54,71.33,313.48,95.65,4.46,796.35,355.07,11.27,221.79,635.60,255.87,32.58,10.90,19.91,673.00,249.70,11331.45,72.00,196.07,715.51,893.66,3784.86
108.08,4567.09,841.82,553.75,65.68,73.77,316.05,104.96,4.62,795.36,369.66,11.61,244.10,664.88,278.04,32.54,10.57,20.73,673.00,212.50,12890.20,76.25,199.98,706.96,875.62,3321.38
113.85,4749.46,811.34,566.39,61.53,76.37,326.18,103.24,4.70,791.45,343.57,11.93,239.53,679.52,276.96,32.38,10.37,20.83,673.00,203.27,13787.25,89.44,199.10,724.75,914.02,3256.18
122.28,4875.67,855.84,645.41,65.42,78.10,322.29,106.75,4.78,808.81,353.73,10.82,221.75,714.11,270.39,33.09,9.59,20.91,673.00,192.05,13952.84,110.43,198.31,742.55,940.37,3566.86
122.52,4733.69,886.84,740.63,73.51,79.52,320.61,108.60,4.43,806.21,362.25,9.77,227.67,756.06,283.21,32.98,9.09,21.01,673.00,190.04,14162.14,119.11,195.72,788.25,989.08,3847.52
128.08,4533.84,935.34,748.43,74.06,80.75,326.29,102.86,4.22,807.06,339.56,11.30,249.16,782.92,302.83,33.02,9.26,21.32,673.00,202.05,14078.83,136.22,223.04,787.58,987.73,3628.65
138.12,4426.95,1142.48,764.47,70.81,81.17,332.55,95.30,4.35,826.41,309.03,11.11,252.57,819.15,313.48,33.81,9.90,21.12,673.00,211.91,14732.73,131.50,238.41,761.64,936.34,3546.30
131.63,4318.67,1231.13,729.56,70.36,81.27,331.48,96.80,4.73,816.74,248.86,11.58,251.83,797.09,309.01,33.41,9.61,21.80,673.00,210.39,15046.98,109.60,259.73,732.83,914.11,3244.17
144.05,4384.62,1032.22,745.18,63.15,81.55,330.00,98.91,4.58,819.62,316.41,12.46,288.78,852.71,347.56,33.53,9.85,21.00,673.00,231.25,14989.05,85.00,326.54,765.24,943.08,2887.60
153.84,4458.76,974.51,824.07,56.69,79.75,335.30,106.96,4.48,812.95,295.23,14.38,300.43,879.88,358.40,33.98,9.99,20.28,673.00,224.30,16068.35,77.50,335.15,807.45,1080.64,2979.99
171.38,4650.51,1045.70,877.34,49.95,77.77,356.50,113.66,4.50,806.27,306.63,12.16,315.25,987.96,389.02,34.43,9.90,20.04,673.00,209.64,16660.77,92.00,321.81,828.19,1102.71,2554.60
168.05,4542.47,925.87,883.45,53.28,76.85,378.00,112.95,4.67,788.33,310.94,9.45,351.22,1027.00,423.08,33.65,10.45,20.21,673.00,206.05,16244.72,91.80,368.62,817.45,1097.26,2378.60
170.25,4559.20,1029.65,987.02,49.76,77.25,393.48,119.92,4.81,812.62,322.86,9.42,376.33,1143.05,461.72,32.75,11.66,20.26,673.00,229.70,16310.93,87.56,369.59,840.86,1157.37,2364.41
175.34,4592.30,1049.03,1109.50,57.86,79.15,481.14,127.63,4.74,855.84,311.94,9.22,396.71,1307.75,508.22,32.65,13.61,20.21,673.00,264.67,17269.81,76.00,425.00,843.77,1154.25,2458.48
191.10,4774.31,1230.77,1146.86,53.24,81.23,672.64,127.40,5.22,912.45,298.26,9.62,379.70,1321.27,495.69,33.32,12.88,20.64,1303.10,246.29,19799.08,73.71,439.72,835.30,1136.00,2511.18
204.24,4643.60,1233.72,1083.48,61.15,82.04,1015.21,129.51,5.12,940.97,291.60,8.32,375.32,1292.08,482.79,32.94,12.52,20.54,2177.36,260.91,21646.02,69.44,362.23,823.97,1133.42,2278.51
230.52,4523.49,1317.69,1086.83,78.11,83.46,1009.32,139.05,5.31,933.58,305.65,8.67,369.37,1330.47,489.09,32.68,10.93,20.83,2214.55,265.14,23853.60,61.67,328.76,781.49,1062.44,2178.33
247.01,4260.21,1414.43,1096.39,73.90,85.71,834.60,147.04,5.15,932.89,294.01,9.77,436.91,1414.42,552.47,32.66,12.07,21.90,2300.19,284.52,22133.43,59.00,348.55,778.46,1041.10,1906.17
249.66,4323.35,1431.69,1026.25,76.08,88.25,799.00,145.96,5.62,932.77,332.27,8.31,452.19,1372.27,554.15,33.07,13.21,23.18,2267.74,287.48,22955.63,61.84,328.18,793.63,1047.97,1856.45
215.30,4095.05,1131.85,791.77,84.56,88.42,737.00,133.78,5.37,879.39,315.06,7.38,388.40,1163.78,471.07,31.43,13.68,23.15,2060.24,321.90,19935.00,64.50,329.34,717.57,941.71,1734.65
187.06,3914.53,923.97,667.04,71.16,88.40,722.00,130.61,4.96,888.76,312.56,8.19,363.78,1042.09,437.84,29.88,14.02,22.94,1948.82,321.59,18306.59,63.00,295.55,656.35,896.79,1744.52
136.34,3660.85,909.83,486.40,63.67,87.54,624.00,88.05,4.16,861.70,324.72,8.82,290.84,808.76,338.78,28.14,11.70,21.62,1724.39,282.39,14423.35,48.60,237.38,510.28,734.91,1303.00
101.24,3307.33,853.34,433.10,52.60,86.93,563.25,77.06,3.82,872.33,333.19,9.18,292.76,728.52,329.14,25.54,11.83,20.62,1624.40,241.00,13674.15,50.50,226.85,450.98,646.17,1169.36
77.71,3355.21,761.72,440.38,53.70,87.02,550.75,56.70,3.90,845.80,315.35,10.29,292.94,680.97,318.81,24.73,11.32,20.00,1357.00,228.48,11292.14,54.33,220.14,477.83,666.39,1112.90
82.58,3288.71,782.89,522.15,55.99,87.25,615.25,68.26,4.11,818.45,322.88,10.71,338.50,754.73,364.72,23.98,12.24,20.57,1211.36,261.59,11563.33,51.44,239.36,464.59,625.45,1202.52
78.83,3168.83,766.46,529.40,57.37,86.70,634.00,67.22,4.12,806.65,319.02,10.48,320.89,702.22,341.27,23.95,13.31,19.94,1038.10,270.00,11074.78,47.00,224.69,449.72,586.26,1118.00
87.89,3059.75,847.05,557.21,57.35,85.73,625.25,63.84,4.48,815.86,310.82,9.74,315.37,694.16,333.66,23.59,12.93,20.46,831.41,262.86,10689.41,43.38,230.98,460.47,617.15,1223.22
94.55,3087.67,904.52,693.21,57.89,85.38,577.25,73.50,4.80,815.68,284.88,9.32,349.57,787.30,374.47,24.44,13.47,21.77,929.05,277.41,11830.20,41.72,233.47,516.60,686.86,1388.14
109.28,3151.85,888.24,772.39,58.72,86.96,540.75,76.39,5.44,855.42,285.42,8.67,408.05,845.24,422.28,25.63,15.47,22.07,1043.81,288.00,13871.83,48.56,256.70,599.31,761.34,1491.89
129.99,3433.52,816.12,690.82,56.96,88.17,548.60,75.48,5.50,817.90,294.96,7.85,441.78,831.60,445.15,27.20,16.58,22.47,1115.55,287.14,15009.07,51.50,253.41,609.15,741.73,1555.46
121.64,3528.36,715.36,601.95,57.88,88.56,623.00,79.06,5.77,760.28,277.12,7.40,385.85,750.65,398.16,27.19,17.80,23.02,1021.87,337.65,13903.59,49.70,224.95,609.30,763.62,1582.85
134.68,3710.67,836.29,686.79,49.56,86.77,576.25,92.86,4.99,769.67,291.61,7.04,397.30,809.67,408.96,27.52,21.72,25.04,1078.90,328.38,14761.65,47.19,210.37,655.49,822.57,1818.01
128.47,3947.33,1030.95,636.42,50.62,84.88,593.67,98.50,5.00,784.27,280.87,7.19,342.18,749.40,349.05,27.17,23.45,27.34,1021.41,374.41,14936.23,44.28,191.09,690.91,867.58,1879.15
139.21,3930.53,1152.61,636.56,50.95,82.85,566.25,106.68,4.81,805.10,261.29,7.27,328.54,797.62,354.86,26.91,23.16,28.37,1005.23,344.77,15037.41,46.11,198.85,743.59,944.85,2070.84
145.82,3954.23,1154.41,674.33,54.18,82.13,566.25,116.74,5.01,821.06,273.58,7.36,337.63,854.24,370.71,27.58,22.77,29.46,1070.43,361.05,14966.14,44.75,211.04,756.80,953.95,2196.55
140.86,3850.54,1013.58,727.60,61.85,82.15,606.00,127.47,5.05,795.96,289.96,7.33,345.58,867.40,379.30,27.01,24.90,31.53,1132.91,374.22,15588.69,44.44,206.25,780.40,970.08,2374.04
144.95,3722.44,1089.26,742.00,67.34,83.04,598.00,139.79,5.15,792.44,275.32,7.20,325.85,838.22,358.97,26.89,21.91,29.91,1113.62,338.67,17710.20,43.83,201.51,842.89,1001.54,2414.69
140.40,3484.17,981.59,754.32,66.19,83.30,584.75,141.87,5.54,781.00,282.94,7.27,303.66,840.42,344.66,25.97,21.98,29.62,1091.40,332.35,16352.30,42.10,194.54,818.02,972.90,2158.82
148.94,3349.50,954.72,793.90,70.93,84.00,540.13,151.44,5.99,790.10,277.01,7.25,292.60,869.39,348.95,25.02,18.15,27.73,1105.22,332.61,17509.13,40.91,191.07,850.47,1004.69,2277.29
158.13,3292.57,994.73,798.53,77.58,85.28,502.23,179.09,6.48,820.21,284.27,7.03,308.05,868.10,357.65,25.48,16.89,26.15,1132.77,313.59,18634.60,41.33,192.82,817.36,992.28,2367.53
142.15,3011.23,1054.71,775.57,85.29,86.45,472.48,166.91,6.34,836.47,281.62,7.15,305.74,832.68,349.06,24.34,15.11,25.33,1102.52,286.14,17565.03,41.30,181.88,764.57,919.88,1969.82
140.45,2925.80,1201.27,764.91,78.72,87.17,458.55,161.74,5.96,841.09,285.35,7.22,314.32,820.99,348.51,24.54,16.30,27.61,1090.32,262.36,17257.73,40.78,157.67,762.81,919.52,1746.51
139.96,2934.73,1302.41,774.50,78.80,87.84,470.68,148.51,6.28,871.18,282.50,7.48,335.09,836.74,370.98,25.43,17.69,29.21,1094.77,259.18,18206.52,41.94,195.82,779.24,918.35,1847.03
142.57,3087.55,1139.33,865.23,83.15,87.79,486.86,150.42,6.46,892.18,289.24,7.68,339.14,895.28,379.46,26.04,18.60,31.00,1140.05,315.09,20733.07,46.06,246.25,788.43,935.59,2047.48
143.08,3068.01,1046.85,884.89,81.93,87.75,519.95,160.24,6.14,875.96,281.94,7.78,334.06,929.65,390.23,25.90,22.67,35.22,1195.18,337.18,22694.36,46.67,271.69,790.39,988.23,2150.94
153.57,3093.28,1086.32,935.22,71.15,86.73,533.13,178.02,6.32,880.17,281.78,8.02,353.75,1034.85,427.18,26.37,26.94,34.74,1304.14,339.86,26237.10,48.83,270.23,853.99,1084.72,2373.56
158.91,3081.94,823.35,1059.01,63.48,85.46,543.14,195.32,6.09,901.45,271.34,7.96,376.04,1123.30,459.96,26.60,26.42,38.09,1395.77,331.68,25403.09,57.16,274.08,889.49,1274.93,2283.30
169.33,3003.96,723.89,1171.22,68.81,85.35,536.78,215.28,7.02,896.99,287.84,7.86,387.51,1208.33,483.76,25.97,28.04,38.00,1466.26,352.13,26103.86,60.63,306.53,883.84,1266.17,2287.32
174.28,2989.80,734.61,1238.57,75.04,85.00,528.38,250.36,6.74,907.78,291.81,7.94,412.07,1257.14,511.10,26.23,29.74,39.67,1528.95,368.10,27439.35,63.88,326.55,1011.45,1549.40,2375.81
184.10,3054.10,884.96,1248.55,83.22,85.07,532.80,280.79,7.08,927.81,262.96,7.95,410.16,1268.35,512.05,26.81,29.31,40.37,1591.50,349.75,31619.65,65.00,348.15,1060.91,1633.11,2473.45
204.42,3098.50,852.44,1142.23,80.83,86.08,508.96,245.78,7.28,929.22,270.59,8.02,393.93,1245.10,498.74,26.88,25.90,36.11,1576.96,330.65,30590.93,63.50,316.75,1243.76,1702.98,2341.48
218.82,3226.28,880.97,1123.79,92.06,86.40,500.57,265.49,7.92,946.21,275.40,7.87,388.22,1279.14,501.47,27.18,23.90,35.76,1691.76,325.33,32347.69,57.82,336.12,1310.07,1743.67,2371.48
203.62,3164.79,836.41,1143.44,92.45,86.54,500.55,232.07,7.17,958.13,277.94,8.08,388.26,1255.67,498.77,27.14,21.84,34.20,1701.18,327.68,28571.40,56.06,354.47,1302.03,1792.97,2159.60
199.35,3097.34,916.40,1075.91,94.55,86.94,518.09,223.80,6.00,973.16,273.55,8.15,391.54,1250.06,499.77,26.96,24.92,35.12,1700.86,334.05,25519.68,55.40,326.43,1385.67,1865.44,2234.47
203.23,3072.00,971.56,1033.57,96.92,87.34,546.19,214.64,5.70,969.42,285.92,8.26,389.29,1242.10,501.83,26.81,29.47,37.89,1676.43,356.14,27398.10,52.79,303.88,1362.27,1786.85,2397.75
189.50,3118.70,948.83,1047.51,103.02,88.13,577.30,212.11,5.23,973.60,293.56,8.50,393.80,1225.27,501.42,27.23,28.87,39.61,1666.04,358.17,24056.73,50.68,327.07,1249.79,1655.59,2199.24
190.27,3013.48,1194.94,995.18,88.55,88.98,615.55,206.45,4.71,952.68,287.28,8.54,381.85,1218.86,490.91,26.25,26.64,39.28,1672.77,362.27,22526.60,51.98,315.92,1199.48,1593.20,2075.22
188.44,3013.00,1032.70,914.44,92.48,89.00,602.14,184.21,4.13,954.18,286.80,8.55,347.45,1126.77,446.02,26.21,26.30,38.20,1565.19,357.14,21868.64,52.34,289.01,1072.03,1431.33,1871.42
198.51,3031.80,681.65,985.77,85.70,89.23,609.09,152.95,4.38,892.75,286.66,8.46,329.09,1118.32,428.83,26.34,24.52,38.11,1554.77,351.27,21291.70,53.19,281.01,1148.83,1469.25,1935.32
196.31,2964.26,757.73,969.07,83.93,89.82,580.91,153.52,4.56,888.44,277.77,8.43,320.68,1103.04,420.05,25.95,23.42,36.56,1535.64,333.36,19386.91,52.18,269.03,1164.09,1434.37,1911.15
201.32,2874.33,730.58,1020.54,84.13,90.35,541.06,164.48,4.31,877.00,261.57,8.52,347.60,1131.77,441.73,25.81,24.02,35.36,1553.41,337.27,21547.70,52.31,274.89,1274.53,1503.94,1989.23
212.38,2911.40,778.64,1047.69,86.41,91.17,547.48,181.55,4.93,885.07,271.01,8.37,364.49,1170.22,461.56,26.27,23.42,33.99,1441.00,341.00,24293.31,52.06,277.77,1402.79,1560.82,2057.79
222.03,2899.44,802.57,1105.74,84.69,92.79,577.05,178.22,4.95,886.54,260.66,7.96,405.23,1196.53,496.29,26.30,23.79,33.48,1441.00,341.00,22985.43,51.29,283.88,1336.72,1539.52,2035.93
214.36,2921.46,822.89,1157.45,79.85,93.25,585.95,174.40,5.08,896.38,295.40,8.05,440.62,1232.58,529.42,26.61,22.48,31.93,1441.00,341.00,22114.53,51.30,266.32,1288.53,1441.50,2002.68
196.28,2874.62,755.83,1031.12,79.15,94.06,612.43,169.11,4.99,892.16,300.33,8.23,459.42,1134.58,520.93,26.47,20.27,30.37,1441.00,341.00,20295.34,51.89,264.36,1237.63,1340.30,1928.01
171.02,2780.67,952.76,927.63,91.87,94.50,606.14,145.09,4.45,862.84,292.13,8.27,464.02,1097.80,522.33,25.88,20.10,28.89,1441.00,341.00,19255.39,50.83,276.19,1203.41,1285.42,1855.93
182.28,2817.79,1015.16,952.54,94.47,94.73,578.36,139.63,4.44,857.92,295.21,8.30,552.54,1175.27,609.45,25.92,22.76,28.71,1505.54,345.59,18546.09,50.36,345.69,1225.79,1291.24,1847.75
198.42,3080.96,970.39,930.61,86.38,95.02,582.87,126.69,4.74,856.66,291.36,8.34,585.75,1188.51,622.91,26.13,20.56,28.83,1549.86,353.18,18675.56,49.25,349.40,1133.90,1212.89,1816.32
200.48,3728.48,1000.89,879.53,68.77,95.65,590.50,137.82,4.59,878.20,299.63,8.39,559.56,1213.30,615.18,26.80,20.21,25.76,1582.85,358.23,20771.26,47.73,353.42,1054.30,1149.49,2009.85
195.06,3753.78,980.85,768.09,79.72,95.84,584.74,145.33,4.52,873.36,289.06,8.31,519.91,1119.92,565.53,26.74,20.39,24.15,1483.16,368.16,21233.70,44.61,358.20,1078.68,1204.76,1903.96
190.93,3574.67,846.84,743.13,77.90,96.64,590.73,134.91,4.72,870.05,284.11,8.12,490.60,1071.76,533.03,26.55,19.31,22.71,1483.03,368.11,20713.07,41.50,361.00,1106.59,1259.30,1912.40
190.81,3410.62,758.09,713.94,80.35,97.65,565.52,141.05,5.50,879.94,284.11,7.85,489.69,1088.78,534.79,26.84,19.20,22.56,1510.91,351.44,22880.89,43.67,347.89,1207.95,1354.80,2040.43
197.91,3964.52,739.00,776.54,81.79,99.12,573.39,149.85,6.25,870.60,284.11,7.36,456.81,1122.83,526.05,26.55,18.71,21.98,1506.78,338.87,24598.90,42.75,335.50,1238.22,1388.63,2031.41
